A1 Return,A2 Return,A3 Return,Agent 1 Prediction Loss,Agent 2 Prediction Loss,Agent 3 Prediction Loss,Total Return,belief_loss0,belief_loss1,belief_loss2,critic_loss0,critic_loss1,critic_loss2,policy_loss0,policy_loss1,policy_loss2,total_episode,total_numsteps
-69.09779063891094,-69.09779063891094,-69.09779063891094,0.031201062050182374,0.014577281413599848,0.028431589248590173,-207.29337191673284,-0.7996302843093872,-0.9066836535930634,-0.9865456819534302,4.364545822143555,4.684446811676025,4.629383563995361,-0.5012016892433167,-0.5676787495613098,-0.5668480396270752,20,525
-74.43370011951525,-74.43370011951525,-74.43370011951525,0.0010509466653165873,0.001735860465443693,0.0017147169052623213,-223.30110035854577,-9.63250732421875,-9.834879875183105,-9.597497463226318,0.11981957405805588,0.07722819596529007,0.12348099052906036,-4.989212989807129,-4.683837890625,-4.7249932289123535,30,775
-68.40260872918846,-67.60260872918846,-68.60260872918846,0.012023683664621785,0.009513290205039084,0.005573370066005737,-204.60782618756537,-16.574496269226074,-16.71795654296875,-16.825751304626465,0.2026367038488388,0.10417371988296509,0.3412005305290222,-8.496956825256348,-8.42331314086914,-8.210245132446289,40,1025
-80.16103065074506,-79.56103065074505,-79.96103065074506,0.013939220802858471,0.007326212130952627,0.009565902040689252,-239.6830919522352,-23.334444046020508,-24.283102989196777,-24.1144437789917,0.463215708732605,0.47768735885620117,0.25623053312301636,-12.502187728881836,-11.408319473266602,-12.463930130004883,50,1275
-68.37395402696265,-67.37395402696265,-68.07395402696264,0.010032737038098276,0.01343439074815251,0.011284642504993826,-203.8218620808879,-31.147473335266113,-31.152501106262207,-30.64625358581543,0.4754524230957031,0.23664703965187073,0.3720611035823822,-15.433886528015137,-15.348281860351562,-15.815052032470703,60,1525
-65.35652995390778,-65.75652995390779,-65.45652995390779,0.014560162389650941,0.01745983963832259,0.023474161844700574,-196.56958986172336,-38.00687789916992,-37.86408233642578,-37.65558433532715,0.4038048982620239,0.45721256732940674,0.8602122068405151,-18.95305061340332,-18.558815002441406,-19.163692474365234,70,1775
-58.72524593222747,-59.12524593222747,-58.52524593222747,0.013075085449498147,0.024337400142103435,0.014977404609322549,-176.37573779668242,-43.138254165649414,-42.548933029174805,-42.01475143432617,0.6175515055656433,0.6309676170349121,0.4778578281402588,-21.196670532226562,-21.024337768554688,-21.516746520996094,80,2025
-67.57292442414543,-66.27292442414544,-68.37292442414542,0.019601324317976832,0.020686591716483235,0.020845631274860353,-202.2187732724363,-47.5777645111084,-48.14473342895508,-47.10706329345703,1.3937500715255737,0.5501056909561157,1.0080347061157227,-23.16632080078125,-23.40920639038086,-24.235759735107422,90,2275
-66.13931771990525,-65.73931771990524,-66.33931771990525,0.01483686038479209,0.021993335168343037,0.018622743361163884,-198.21795315971576,-52.02419853210449,-53.187721252441406,-52.33994102478027,0.6887762546539307,0.7008923888206482,0.528720498085022,-27.029659271240234,-26.160722732543945,-26.764585494995117,100,2525
-66.07733721158104,-65.77733721158104,-65.87733721158104,0.02738802936440334,0.029459327073651367,0.02689169786591083,-197.73201163474312,-57.35851287841797,-57.82534980773926,-56.01635551452637,1.3277760744094849,0.49819415807724,1.487943172454834,-28.341625213623047,-28.14597511291504,-29.838600158691406,110,2775
-67.36007461456234,-67.26007461456234,-67.56007461456234,0.026775857945904136,0.025274350519292058,0.024307380340993404,-202.180223843687,-60.680877685546875,-61.64119911193848,-60.67543029785156,0.6031942367553711,0.5700781941413879,0.7771839499473572,-30.99455451965332,-30.211380004882812,-31.384967803955078,120,3025
-69.93313740568887,-70.13313740568887,-70.03313740568886,0.03559271433763206,0.034164631202816965,0.03333600084995851,-210.09941221706657,-62.79967498779297,-63.73774337768555,-63.40175437927246,1.1515235900878906,1.0814520120620728,1.0326429605484009,-32.156471252441406,-31.118488311767578,-32.019432067871094,130,3275
-67.27047679276146,-66.87047679276145,-67.67047679276145,0.03044071240723133,0.020141074235085397,0.0277502776379697,-201.81143037828434,-66.4499282836914,-67.43574142456055,-67.93146896362305,1.0401135683059692,0.6911841630935669,0.8965182304382324,-33.750518798828125,-33.75510025024414,-33.695133209228516,140,3525
-65.4900974679497,-64.4900974679497,-65.39009746794969,0.018567524447338654,0.026934343121014535,0.019107771161478014,-195.37029240384908,-69.39656066894531,-70.59362030029297,-68.6000747680664,0.8838111758232117,0.5873557925224304,0.9442842602729797,-34.69198226928711,-34.39653015136719,-35.05690383911133,150,3775
-64.11845248231405,-64.51845248231406,-63.61845248231405,0.03047141586150974,0.0236136444832664,0.027039446421898903,-192.25535744694216,-71.1502799987793,-71.27605819702148,-70.74996185302734,0.829223096370697,0.6890864372253418,0.8830718994140625,-36.112789154052734,-35.300376892089844,-36.55162811279297,160,4025
-66.1360026658861,-66.2360026658861,-66.0360026658861,0.024868516951566562,0.01740495156683028,0.0321664499999024,-198.4080079976583,-72.45490646362305,-73.66634368896484,-73.7258071899414,0.8118415474891663,0.9525227546691895,1.2083635330200195,-37.20155334472656,-36.72726058959961,-36.33633804321289,170,4275
-65.063056094948,-65.763056094948,-66.163056094948,0.037656393270473924,0.021268229128792882,0.050380556115182114,-196.989168284844,-77.83824157714844,-75.11251831054688,-73.79108428955078,1.0672016143798828,0.9410940408706665,1.2798739671707153,-36.93240737915039,-37.20644760131836,-38.37323760986328,180,4525
-68.56902774819547,-68.66902774819548,-68.96902774819547,0.05381814394891262,0.030929410479962827,0.052180338970385494,-206.2070832445864,-76.16497039794922,-76.54104995727539,-76.18888854980469,1.2088261842727661,0.5352320075035095,1.023974895477295,-38.583770751953125,-38.943389892578125,-39.07086181640625,190,4775
-63.5565335748592,-63.256533574859205,-63.5565335748592,0.020726539586205035,0.01498177814821247,0.018785268386360257,-190.3696007245776,-76.75936126708984,-78.45683288574219,-78.07867813110352,1.0458478927612305,1.306166172027588,1.142791748046875,-39.28273010253906,-39.60758972167969,-38.433570861816406,200,5025
-67.01163084382938,-65.01163084382938,-66.81163084382938,0.02624290986917913,0.02803048764448613,0.029396853767335415,-198.83489253148815,-81.74330520629883,-79.64602661132812,-78.01384353637695,1.0089330673217773,0.5964323878288269,1.266365647315979,-38.647071838378906,-39.86328125,-40.328269958496094,210,5275
-62.11815671936152,-61.718156719361524,-61.718156719361524,0.02954834100883454,0.0323799565162044,0.043083344435319304,-185.5544701580846,-81.88995361328125,-79.3089370727539,-81.55035018920898,1.2086211442947388,1.3425037860870361,1.003099799156189,-40.38157653808594,-41.3953857421875,-40.853057861328125,220,5525
-63.67351956174897,-62.97351956174897,-63.87351956174897,0.031160509007517247,0.03508928622090025,0.028380590490065517,-190.5205586852469,-82.1573715209961,-81.01749038696289,-82.64992904663086,1.0005550384521484,0.9120403528213501,1.1568676233291626,-41.064186096191406,-41.226348876953125,-40.649864196777344,230,5775
-68.00094479600462,-66.90094479600461,-67.30094479600461,0.05076807666197419,0.029766723280539736,0.0381083228229545,-202.20283438801386,-83.38989639282227,-81.92154693603516,-81.79910659790039,0.9224612712860107,0.7994372844696045,1.4205256700515747,-40.04487991333008,-41.648658752441406,-42.076541900634766,240,6025
-68.1359962874064,-68.8359962874064,-69.8359962874064,0.028216998065588996,0.03272718148492277,0.03762587344180793,-206.8079888622192,-82.98772430419922,-81.87307357788086,-84.24266052246094,1.2561755180358887,1.166390061378479,0.8764486312866211,-40.79887008666992,-42.7552375793457,-42.27812957763672,250,6275
-60.38736721040125,-60.38736721040125,-60.18736721040125,0.028798651218414306,0.04449585353210568,0.03782630614563823,-180.96210163120375,-83.18350982666016,-83.1929702758789,-84.08834838867188,0.9634298086166382,1.0775307416915894,1.0459011793136597,-41.46692657470703,-42.016849517822266,-41.170284271240234,260,6525
-57.563498871683535,-57.463498871683534,-57.86349887168353,0.04051226700656116,0.026856977436342275,0.039940716257318855,-172.8904966150506,-85.71381759643555,-83.3471565246582,-83.17664337158203,1.323909044265747,0.7800240516662598,1.3788186311721802,-40.47771453857422,-42.78757858276367,-42.694000244140625,270,6775
-74.05987620195954,-75.45987620195953,-75.65987620195952,0.04985370433470234,0.03834546338114887,0.06476752419024706,-225.17962860587858,-84.34746551513672,-83.63101196289062,-84.55880737304688,1.5482004880905151,1.0669974088668823,1.1960923671722412,-41.62864303588867,-43.47243118286133,-42.59943771362305,280,7025
-63.89922313745615,-63.49922313745615,-64.19922313745614,0.03840511227631942,0.03847439362108707,0.04061359859374352,-191.59766941236845,-84.95364379882812,-83.6584701538086,-85.4013786315918,1.4615094661712646,1.2342445850372314,1.1493206024169922,-42.347877502441406,-42.84601593017578,-41.4940071105957,290,7275
-65.30092986513067,-65.10092986513067,-64.40092986513068,0.04500113118987065,0.05109049010463059,0.054587428754195574,-194.802789595392,-86.51091766357422,-84.24256134033203,-84.41296768188477,1.314598798751831,1.2471729516983032,1.522249698638916,-41.18033981323242,-43.75885772705078,-43.22478485107422,300,7525
-62.71336640781624,-62.91336640781624,-63.21336640781624,0.028760753677226605,0.017566992806270717,0.02739878653269261,-188.8400992234487,-85.69996643066406,-83.1106185913086,-84.95389556884766,2.4716548919677734,0.8848059177398682,1.235823154449463,-41.49462890625,-43.206695556640625,-43.224205017089844,310,7775
-67.38548523038409,-67.68548523038409,-67.58548523038408,0.04344652943685651,0.06552157853730023,0.05893448554165661,-202.65645569115227,-85.05984497070312,-84.9686279296875,-87.04087448120117,1.0153090953826904,0.9630062580108643,1.2807786464691162,-42.71767044067383,-44.438438415527344,-41.9232063293457,320,8025
-67.20787969146714,-66.80787969146715,-67.30787969146715,0.03990902998670936,0.03380187234515324,0.04197721949592233,-201.32363907440146,-87.28131484985352,-84.5389404296875,-86.18141555786133,3.4117753505706787,0.9658985733985901,1.4857454299926758,-41.744407653808594,-44.2963981628418,-43.34896469116211,330,8275
-62.310795661352095,-62.310795661352095,-62.4107956613521,0.047072201289236545,0.030806351916864514,0.045749947199597955,-187.0323869840563,-86.28480529785156,-84.20811080932617,-87.16941833496094,1.6692359447479248,1.3809973001480103,1.0510808229446411,-42.496395111083984,-43.930721282958984,-43.7647590637207,340,8525
-64.11458099925586,-64.71458099925589,-63.514580999255884,0.03863084950129269,0.04140127507317811,0.035554364993236956,-192.34374299776763,-86.5402603149414,-84.12897491455078,-85.86099624633789,2.176567554473877,0.7746267914772034,1.5025885105133057,-41.33962631225586,-45.49290466308594,-42.26396560668945,350,8775
-67.80591076406452,-67.10591076406453,-67.30591076406452,0.04718537118285895,0.06279667272698135,0.06378304122760892,-202.21773229219357,-87.89133071899414,-85.72283935546875,-87.13432693481445,1.800363302230835,1.4229612350463867,1.5151828527450562,-42.40106964111328,-43.89973449707031,-44.12058639526367,360,9025
-68.20779390534041,-67.90779390534041,-68.5077939053404,0.04187241092603654,0.03265087807271629,0.040201266697607936,-204.62338171602124,-87.40337371826172,-86.88043975830078,-89.48438262939453,1.8976060152053833,1.6351664066314697,1.1813673973083496,-43.87187194824219,-45.25060272216797,-44.149051666259766,370,9275
-66.46299330745579,-66.66299330745579,-65.96299330745579,0.04919702543038875,0.05630981683544815,0.05871307684853673,-199.0889799223674,-87.01223373413086,-85.49149703979492,-85.58743286132812,1.0432000160217285,1.3317110538482666,1.1653553247451782,-42.196590423583984,-44.27473831176758,-42.53314208984375,380,9525
-63.588032371704074,-64.08803237170409,-64.68803237170407,0.04432739284029231,0.0487735428865999,0.054463749473914504,-192.3640971151122,-88.96136474609375,-87.87915420532227,-87.54658126831055,1.2804958820343018,1.079463005065918,2.1468937397003174,-43.35373306274414,-45.009212493896484,-44.086788177490234,390,9775
-61.30547315418289,-61.30547315418289,-61.505473154182894,0.03403697046730667,0.03466262879176065,0.047528707269579175,-184.11641946254866,-85.65121078491211,-85.53361892700195,-84.95653915405273,2.3081986904144287,3.8047876358032227,1.1721162796020508,-42.96869659423828,-42.45899200439453,-44.39234161376953,400,10025
-71.75162164245373,-70.55162164245372,-71.85162164245372,0.047719774081837384,0.05678711681999266,0.04477736432198435,-214.1548649273612,-87.58552932739258,-84.80141830444336,-86.28529739379883,1.8486332893371582,1.248120665550232,1.3525468111038208,-42.48445129394531,-44.477699279785156,-42.52629089355469,410,10275
-60.98375017945701,-61.183750179457014,-61.683750179457014,0.040018733116332444,0.054915492829866706,0.04203101325500756,-183.85125053837106,-87.64854431152344,-86.69303131103516,-86.74923706054688,1.2501928806304932,0.9647428393363953,1.8675477504730225,-42.33721923828125,-45.021331787109375,-44.07461166381836,420,10525
-59.51684027924074,-59.61684027924074,-60.11684027924074,0.03572209305781871,0.047395457479171454,0.05149362951517105,-179.2505208377222,-87.47803115844727,-86.54584884643555,-86.56984329223633,1.169028401374817,1.506144404411316,1.1943824291229248,-43.53795623779297,-43.6424560546875,-44.32063293457031,430,10775
-63.07234971467342,-64.37234971467342,-64.27234971467342,0.03468801970477216,0.0430137813128531,0.04877090929448605,-191.71704914402025,-87.36564636230469,-86.04149627685547,-86.50248718261719,1.498920202255249,1.2128620147705078,1.1990379095077515,-42.57871627807617,-43.45225524902344,-43.12850570678711,440,11025
-69.30833074585657,-69.50833074585657,-69.50833074585657,0.03825148497894406,0.03965169379161671,0.05529814495984465,-208.3249922375697,-88.21940612792969,-87.22332763671875,-85.91820907592773,1.189250111579895,1.1376185417175293,1.7168930768966675,-42.194801330566406,-44.370460510253906,-44.143211364746094,450,11275
-60.943041612774074,-61.543041612774076,-61.74304161277407,0.043856858938932416,0.030504039460327478,0.0372943592146039,-184.2291248383222,-86.32588195800781,-85.74300003051758,-86.96445846557617,2.3931682109832764,1.0518817901611328,1.256866216659546,-42.129981994628906,-44.6441535949707,-44.59474563598633,460,11525
-71.42588131491155,-70.92588131491155,-71.72588131491156,0.04399328495375812,0.06842866633459925,0.0506380478143692,-214.07764394473466,-86.45857238769531,-86.85308074951172,-87.88177871704102,1.9334769248962402,1.1638236045837402,1.4097282886505127,-43.31279373168945,-44.572235107421875,-43.45331573486328,470,11775
-63.55696494280376,-65.35696494280376,-65.15696494280375,0.060853834182024,0.0672505584731698,0.08909891730733216,-194.07089482841127,-87.68372344970703,-88.82056427001953,-86.49031829833984,2.6030609607696533,1.018043041229248,2.044825553894043,-43.66328430175781,-43.724815368652344,-43.8694953918457,480,12025
-66.93926206424867,-69.13926206424867,-69.63926206424867,0.044085098132956774,0.05479251533653587,0.054776472316123544,-205.71778619274602,-86.0757942199707,-85.06667709350586,-83.97828674316406,1.1173670291900635,1.402078628540039,1.1612722873687744,-41.41533660888672,-42.42790603637695,-43.99632263183594,490,12275
-64.916993519259,-66.21699351925899,-66.616993519259,0.029251005574129522,0.05268579294043593,0.04921842266991734,-197.75098055777698,-86.62574005126953,-84.60344696044922,-83.73361206054688,2.929736375808716,1.2718539237976074,1.3810086250305176,-41.07414627075195,-42.71983337402344,-42.786773681640625,500,12525
-57.433233420949115,-58.933233420949115,-58.933233420949115,0.03655960685445461,0.045296273679472504,0.04177294118143618,-175.29970026284735,-87.76128005981445,-87.54462051391602,-86.10176086425781,1.5770726203918457,1.469925880432129,2.026907205581665,-43.21990966796875,-43.18315124511719,-43.90700912475586,510,12775
-69.03572630504918,-68.43572630504919,-69.03572630504918,0.05021987334638834,0.04191057445481419,0.04311154811782762,-206.50717891514756,-86.65940475463867,-84.84106826782227,-84.7214241027832,2.0995702743530273,1.6341986656188965,1.26958167552948,-41.2296257019043,-43.56749725341797,-44.196502685546875,520,13025
-62.79875807390689,-63.59875807390689,-63.59875807390689,0.043493167076725514,0.05147037104610354,0.059659741221927104,-189.99627422172065,-85.2099380493164,-84.20815658569336,-83.52992630004883,2.286613941192627,1.3817813396453857,1.4791158437728882,-41.18535232543945,-42.79728698730469,-42.72571563720703,530,13275
-64.33225655941375,-65.43225655941374,-65.53225655941374,0.04009763325564563,0.04611358272843063,0.042729791180230674,-195.29676967824122,-87.19135284423828,-88.4374008178711,-86.4394645690918,1.7487670183181763,1.5304009914398193,2.1995952129364014,-43.02459716796875,-44.36730194091797,-44.13439178466797,540,13525
-59.324957010153184,-59.72495701015318,-59.72495701015318,0.03981960323918611,0.057131678474135694,0.040551546579226855,-178.77487103045956,-86.56096649169922,-84.2231674194336,-84.68696975708008,1.7902463674545288,1.230372428894043,1.3795115947723389,-41.75542068481445,-42.54178237915039,-44.598812103271484,550,13775
-65.5036504777797,-65.9036504777797,-65.50365047777971,0.033183455327060074,0.05106910465471447,0.04432360137533396,-196.91095143333914,-85.54603958129883,-83.74396896362305,-83.67917251586914,2.383232355117798,1.814902663230896,1.4076058864593506,-40.9694938659668,-42.43939971923828,-42.775047302246094,560,14025
-65.9592630529953,-66.9592630529953,-67.1592630529953,0.03856278490996919,0.04657269101490965,0.058597937284968794,-200.0777891589859,-87.35883331298828,-86.56067657470703,-84.68690872192383,1.4067184925079346,1.1053255796432495,2.044985294342041,-42.67851638793945,-42.78197479248047,-44.002742767333984,570,14275
-65.20122952513357,-64.20122952513357,-65.30122952513356,0.041116445219144225,0.03148651254596189,0.03424330479232594,-194.7036885754007,-86.20613861083984,-86.16008758544922,-85.63163757324219,1.474285364151001,1.5384317636489868,1.4030709266662598,-42.91102600097656,-43.251747131347656,-44.62263488769531,580,14525
-71.24212233513,-71.84212233513001,-72.24212233513,0.043685643847100435,0.06797155467607081,0.061810434274375436,-215.32636700539007,-85.43578720092773,-85.77217483520508,-84.70634841918945,1.1396441459655762,1.7114931344985962,1.7765512466430664,-42.770179748535156,-42.55882263183594,-42.2337760925293,590,14775
-67.72935458358059,-67.72935458358059,-68.12935458358058,0.05423890394717455,0.04064205428166315,0.05316725277341902,-203.58806375074175,-87.38233184814453,-88.18117904663086,-85.0120964050293,1.4168813228607178,1.942716360092163,1.522062063217163,-43.314571380615234,-42.987430572509766,-44.003257751464844,600,15025
-64.72612166429377,-65.22612166429377,-64.72612166429377,0.04894429440051317,0.04734289191989228,0.04746307957172394,-194.6783649928813,-85.81843948364258,-85.74892807006836,-84.83709335327148,2.2188994884490967,1.0799187421798706,1.3603174686431885,-42.70957565307617,-42.657012939453125,-43.98646545410156,610,15275
-62.12938457707655,-60.929384577076554,-61.82938457707655,0.04588756553642452,0.047683438094332814,0.032532641677651554,-184.88815373122966,-86.86756896972656,-84.07090759277344,-83.97981262207031,1.452947974205017,1.0932785272598267,1.6044877767562866,-42.30693435668945,-42.48450469970703,-42.541969299316406,620,15525
-61.44724701654822,-61.44724701654822,-60.94724701654822,0.08342530171200634,0.05327109713293612,0.056861460281535985,-183.84174104964464,-87.58832931518555,-86.31373596191406,-85.60974502563477,1.8518680334091187,1.6380269527435303,2.102139472961426,-42.496055603027344,-42.83903121948242,-44.072731018066406,630,15775
-67.6908003827756,-66.6908003827756,-67.0908003827756,0.06786450718715786,0.06319827022962272,0.06247589228115976,-201.4724011483268,-85.8737678527832,-84.48477172851562,-83.23429870605469,1.4420950412750244,1.4904992580413818,1.6836334466934204,-41.93461990356445,-41.805885314941406,-43.99873733520508,640,16025
-64.0438406473165,-63.8438406473165,-64.0438406473165,0.04505550224892795,0.037261647996259854,0.047323324327822776,-191.93152194194948,-86.35967254638672,-86.7067756652832,-85.83183670043945,1.2733350992202759,1.2688044309616089,2.1465566158294678,-42.86092758178711,-42.73802947998047,-43.952659606933594,650,16275
-73.04063753502828,-73.14063753502828,-72.74063753502828,0.047545501168817283,0.05758908085990697,0.046778855661279525,-218.92191260508486,-84.81596755981445,-83.5160140991211,-82.68906021118164,2.138010263442993,1.035483479499817,1.9035933017730713,-41.41123962402344,-42.16352462768555,-41.93925476074219,660,16525
-64.03441156482334,-64.23441156482335,-64.03441156482334,0.05602572337538004,0.07490694511681795,0.04110907613299787,-192.30323469447004,-84.31304168701172,-83.03545761108398,-84.65872192382812,2.588576555252075,1.48215913772583,3.1865124702453613,-41.9567985534668,-42.38944625854492,-42.76751708984375,670,16775
-66.97111544314589,-66.8711154431459,-66.97111544314589,0.0705188134200871,0.08363057240843773,0.10493180692382156,-200.81334632943768,-86.09072875976562,-86.90501403808594,-85.74359893798828,1.702493667602539,1.3520623445510864,1.912774682044983,-43.78566360473633,-42.20509338378906,-44.684486389160156,680,17025
-62.73914693287596,-63.039146932875965,-62.13914693287596,0.03910129611426964,0.038559593027457595,0.0519070690497756,-187.91744079862787,-85.05439758300781,-86.35513305664062,-84.91400146484375,2.6644058227539062,1.3059638738632202,2.6131680011749268,-42.30830383300781,-42.016170501708984,-43.485626220703125,690,17275
-65.83351621163243,-67.23351621163243,-66.83351621163243,0.04257678734604269,0.06707533679902554,0.05730318100005388,-199.90054863489732,-84.45700454711914,-83.58907318115234,-84.94437026977539,1.895531177520752,1.661340355873108,1.8722201585769653,-42.14227294921875,-42.05044174194336,-41.68604278564453,700,17525
-68.5493186879398,-67.6493186879398,-68.0493186879398,0.044476587623823435,0.038122379075735804,0.03845221976842731,-204.2479560638194,-83.71368026733398,-83.10541152954102,-84.42176055908203,1.3789036273956299,1.2863479852676392,2.6998400688171387,-42.10459899902344,-42.453433990478516,-42.686920166015625,710,17775
-61.609203376082135,-62.509203376082134,-62.30920337608213,0.041285925244446846,0.07954069008864463,0.07581104186177254,-186.42761012824639,-85.5059814453125,-85.56070709228516,-85.75337600708008,1.4062366485595703,1.8893529176712036,1.6181507110595703,-42.70987319946289,-41.95392608642578,-43.962005615234375,720,18025
-60.69327403281186,-60.69327403281186,-60.49327403281186,0.047419388248585166,0.057380658108741045,0.04373773041833192,-181.87982209843557,-85.47243118286133,-85.49266052246094,-83.76933670043945,1.2593224048614502,1.4462202787399292,2.323984146118164,-41.693115234375,-41.984619140625,-42.8220329284668,730,18275
-61.66792895608684,-62.567928956086845,-62.567928956086845,0.04537247819895856,0.05473158663697541,0.04622506159543991,-186.80378686826054,-82.40282821655273,-84.7545280456543,-83.62866592407227,1.5297644138336182,2.028590440750122,1.7226779460906982,-41.721492767333984,-42.00893783569336,-41.01533126831055,740,18525
-67.13998168969974,-66.53998168969976,-67.23998168969975,0.07091697000619024,0.05346530566411093,0.03509780081175268,-200.91994506909924,-82.61649703979492,-82.74766159057617,-83.90635299682617,1.6114108562469482,1.6581090688705444,2.846853256225586,-42.400386810302734,-41.17692565917969,-42.29146194458008,750,18775
-63.822622951672486,-63.722622951672484,-63.322622951672486,0.055126488990616056,0.03466926964721642,0.055471468721982095,-190.86786885501746,-83.51408004760742,-85.0213508605957,-84.10686492919922,1.6514389514923096,1.7462886571884155,2.5236895084381104,-42.34291458129883,-41.37309265136719,-42.3900146484375,760,19025
-64.41498953780261,-65.51498953780262,-67.11498953780261,0.03648975827917457,0.038998666770756245,0.04557115291839,-197.04496861340786,-84.78890228271484,-82.88339233398438,-83.11081314086914,1.8532583713531494,1.64113450050354,3.0970957279205322,-42.40110778808594,-41.90865707397461,-40.96420669555664,770,19275
-66.91276593694427,-65.91276593694427,-67.31276593694426,0.052453287951648234,0.04672993084974587,0.04591280044615269,-200.1382978108328,-84.75582885742188,-83.55863189697266,-84.67889785766602,1.1217185258865356,1.3949623107910156,1.3195104598999023,-42.863731384277344,-41.45506286621094,-43.50982666015625,780,19525
-69.3304201734203,-69.7304201734203,-69.0304201734203,0.08420257231313735,0.0548256793632172,0.05943129052687436,-208.09126052026085,-85.5540657043457,-84.74247360229492,-83.6061897277832,1.4479068517684937,1.8011950254440308,2.499950408935547,-41.21733474731445,-42.37814712524414,-43.471866607666016,790,19775
-64.56694023014313,-62.66694023014313,-63.06694023014313,0.05113398854248226,0.05472684203833342,0.052454815064556896,-190.3008206904294,-84.64745330810547,-84.40669250488281,-83.70738983154297,1.5318928956985474,2.023545265197754,1.8720526695251465,-41.083412170410156,-42.383506774902344,-41.2573127746582,800,20025
-62.126967181249576,-62.02696718124956,-63.32696718124957,0.04477217621682212,0.06336261607147753,0.05471590245561674,-187.48090154374873,-81.9917984008789,-82.33765029907227,-82.3216323852539,1.5285288095474243,1.3185224533081055,2.8185112476348877,-42.066524505615234,-41.156681060791016,-40.899593353271484,810,20275
-69.19992680976053,-70.19992680976053,-68.09992680976055,0.043592274902388456,0.05091698553785682,0.0602504727486521,-207.4997804292816,-82.27606201171875,-83.49867248535156,-83.98920440673828,2.141110897064209,1.6057318449020386,1.8561217784881592,-42.99748229980469,-41.495601654052734,-42.25475311279297,820,20525
-59.10034433137135,-61.50034433137135,-61.40034433137136,0.04455464450968429,0.04711273979861289,0.03915635194210336,-182.00103299411407,-85.97776794433594,-86.12433242797852,-85.2753791809082,2.7374367713928223,2.0358400344848633,2.838796377182007,-43.28228759765625,-43.10380554199219,-43.474788665771484,830,20775
-61.7714784992898,-61.071478499289796,-61.8714784992898,0.0472700406499207,0.02888702153135091,0.045567767223343256,-184.7144354978694,-83.7652587890625,-83.44196701049805,-83.26221466064453,1.3647562265396118,1.8218152523040771,1.4669654369354248,-41.101932525634766,-41.49580764770508,-41.26100540161133,840,21025
-62.51145880947687,-62.51145880947687,-62.61145880947687,0.0739035510290414,0.048559251478873196,0.052639987334609034,-187.63437642843058,-81.50267028808594,-82.52629470825195,-83.09078216552734,2.088385820388794,1.5994385480880737,2.9736037254333496,-41.141597747802734,-40.96251678466797,-40.81901168823242,850,21275
-64.4706601225226,-63.9706601225226,-64.2706601225226,0.08910752480570226,0.045985325634479525,0.05821514362283051,-192.7119803675678,-83.1578598022461,-83.05773162841797,-82.47701644897461,1.155897855758667,2.2302606105804443,1.5915981531143188,-41.24653625488281,-41.03759765625,-42.72220993041992,860,21525
-67.81488031507868,-68.71488031507867,-69.31488031507868,0.04863619620725512,0.04092217715177685,0.044279892267659306,-205.844640945236,-84.37163925170898,-82.46347045898438,-82.34171676635742,1.405205249786377,1.7267581224441528,2.9328320026397705,-40.39280700683594,-41.866180419921875,-42.71426773071289,870,21775
-63.1339016214803,-63.2339016214803,-61.8339016214803,0.06821061433851719,0.05530403883289546,0.057082579381763934,-188.2017048644409,-83.29112243652344,-81.20553970336914,-82.16761779785156,2.778085231781006,1.3626708984375,1.3391647338867188,-40.84943389892578,-40.41444778442383,-40.98455810546875,880,22025
-64.46123065632115,-65.16123065632114,-64.76123065632115,0.04314825480617583,0.04493459818139672,0.03147090896475129,-194.38369196896343,-82.86614990234375,-81.78712463378906,-84.46712112426758,1.272645115852356,2.1408214569091797,3.1053473949432373,-42.122718811035156,-41.936119079589844,-40.778682708740234,890,22275
-69.82181142182847,-70.02181142182847,-71.72181142182848,0.052704265243373814,0.05281574035901576,0.08030068548023701,-211.5654342654854,-84.30274963378906,-82.23654174804688,-83.80856323242188,2.258472442626953,2.4574098587036133,1.51121187210083,-41.708831787109375,-42.35120391845703,-42.388771057128906,900,22525
-68.1135577701676,-67.21355777016761,-66.41355777016761,0.06626993109844626,0.04279328307299875,0.0529000459369272,-201.7406733105028,-83.80076217651367,-81.80463409423828,-81.81245422363281,1.8573745489120483,1.2372394800186157,1.4676352739334106,-40.21424865722656,-42.38754653930664,-42.95710372924805,910,22775
-63.27058932155758,-63.870589321557574,-64.17058932155757,0.04699928503576666,0.0364095503683202,0.04039013108145446,-191.31176796467273,-82.26470184326172,-82.03495788574219,-81.91337585449219,2.203202486038208,1.8758411407470703,1.3916206359863281,-40.42372131347656,-41.6693115234375,-41.00619888305664,920,23025
-68.34825455427674,-66.24825455427674,-67.14825455427675,0.0752291009083856,0.05157948129158467,0.04458253532135859,-201.74476366283022,-80.9376106262207,-81.81691360473633,-83.43073654174805,1.4730093479156494,1.4488742351531982,2.5235812664031982,-41.0068244934082,-41.32752990722656,-41.35234832763672,930,23275
-64.41483687701434,-64.41483687701434,-64.61483687701434,0.06542834177426994,0.06731769551895558,0.03703880204586312,-193.44451063104302,-83.41563415527344,-80.56731414794922,-83.15392684936523,2.070681095123291,4.242825984954834,2.4981982707977295,-40.69635772705078,-43.284820556640625,-41.13574981689453,940,23525
-69.11305823736282,-65.61305823736282,-68.81305823736281,0.04502733111381531,0.04988947285246104,0.0497575119107496,-203.53917471208845,-83.10733032226562,-80.5998306274414,-81.0734748840332,1.9628572463989258,1.553356409072876,1.3753407001495361,-39.32301330566406,-42.729583740234375,-42.28982162475586,950,23775
-63.233627389577556,-61.93362738957755,-63.43362738957755,0.06273037363868207,0.06383633391745389,0.05161745161004364,-188.60088216873265,-83.24799728393555,-80.30337905883789,-81.5560073852539,2.3384830951690674,2.3765833377838135,1.6632187366485596,-39.36845016479492,-42.980384826660156,-40.55596160888672,960,24025
-65.39218267918982,-66.49218267918982,-67.09218267918982,0.05414985997840995,0.03846522967098281,0.04612561974488199,-198.97654803756944,-83.32231903076172,-82.11988830566406,-80.86059951782227,1.3411362171173096,2.409914493560791,1.9218908548355103,-41.149532318115234,-40.39093017578125,-41.69208526611328,970,24275
-62.01634322170501,-63.11634322170501,-63.216343221705,0.05717436156840995,0.03813157006679103,0.04027735919784754,-188.349029665115,-83.3859977722168,-81.39862823486328,-83.10205841064453,2.1520020961761475,2.121861696243286,1.5402767658233643,-41.20825958251953,-41.918880462646484,-41.38887023925781,980,24525
-67.63380521302857,-67.83380521302857,-68.63380521302857,0.059661317294463515,0.040697471564635636,0.04333689600042999,-204.1014156390857,-85.28201293945312,-80.3913345336914,-82.17864990234375,1.3214962482452393,3.1740572452545166,1.7113494873046875,-39.58438491821289,-42.61102294921875,-41.28188705444336,990,24775
-64.37713592538144,-62.077135925381434,-63.97713592538143,0.06357511030882597,0.044011890137568115,0.047450733124278485,-190.4314077761443,-85.14199447631836,-81.63715362548828,-80.67859268188477,3.018792152404785,2.2536377906799316,1.7903141975402832,-39.571250915527344,-42.22628402709961,-41.862754821777344,1000,25025
-66.64858849421884,-66.74858849421885,-66.54858849421885,0.057701765773817894,0.05689589184813667,0.06050472371652722,-199.94576548265655,-84.84629440307617,-84.23365020751953,-82.76887893676758,1.5128631591796875,1.3924545049667358,3.2345130443573,-40.40357971191406,-41.813690185546875,-42.338165283203125,1010,25275
-64.17194137542032,-64.27194137542031,-63.37194137542032,0.057008974705822765,0.03402741850912571,0.04958554037194699,-191.81582412626094,-81.81442260742188,-81.9922103881836,-81.56267547607422,1.4583680629730225,1.8152209520339966,1.775868535041809,-40.15065383911133,-41.715328216552734,-40.14369583129883,1020,25525
-65.5565281469911,-65.35652814699111,-65.1565281469911,0.047552081568166614,0.06013140265084803,0.0423849258357659,-196.0695844409733,-82.67705535888672,-80.99158096313477,-80.22196578979492,1.745123267173767,3.0783724784851074,2.390066623687744,-39.9735107421875,-41.62126541137695,-41.291282653808594,1030,25775
-62.009372956591434,-62.609372956591436,-62.20937295659144,0.04527901443094015,0.05188565044850111,0.05048420558590442,-186.8281188697743,-82.468994140625,-82.62493133544922,-81.57365036010742,1.546802043914795,1.5211255550384521,1.9843956232070923,-40.58092498779297,-41.56439971923828,-42.630523681640625,1040,26025
-67.14890588215056,-66.84890588215056,-67.64890588215056,0.050289692804217336,0.04792500525340438,0.05291478236764669,-201.6467176464517,-84.17211532592773,-82.3696517944336,-79.78918075561523,1.4646443128585815,1.2880609035491943,2.396275758743286,-39.77265167236328,-41.376834869384766,-41.5598258972168,1050,26275
-60.32572759866414,-61.82572759866415,-61.82572759866415,0.04636029652878642,0.03266154541354627,0.040471402022754774,-183.97718279599243,-81.59076690673828,-80.44861602783203,-82.622314453125,1.435294508934021,1.3424327373504639,2.366520404815674,-40.353702545166016,-42.327857971191406,-40.049949645996094,1060,26525
-66.18749633665341,-67.48749633665341,-67.48749633665341,0.0662280550408177,0.06345628315769136,0.04521175254322588,-201.1624890099602,-81.68106079101562,-80.10738754272461,-81.93658447265625,1.5188798904418945,2.4758691787719727,2.533637046813965,-40.157676696777344,-42.09507751464844,-41.177703857421875,1070,26775
-68.67454367999844,-69.07454367999841,-70.47454367999842,0.07681238310062327,0.050756369076669215,0.04541350849624723,-208.22363103999527,-82.9962387084961,-83.0605239868164,-82.93124008178711,1.2989522218704224,2.1640186309814453,1.7008858919143677,-40.33831787109375,-42.29521560668945,-42.66256332397461,1080,27025
-59.70905251013228,-59.40905251013228,-60.309052510132275,0.0682165048289171,0.037593128548003736,0.04394102837890387,-179.42715753039684,-83.34202194213867,-82.4819221496582,-82.36574172973633,2.05545711517334,1.583686351776123,2.399662733078003,-39.71548080444336,-43.077144622802734,-41.18330001831055,1090,27275
-60.00157938348133,-59.301579383481325,-60.00157938348133,0.047817415470257404,0.051663537845015525,0.046139739552512764,-179.30473815044397,-82.19254302978516,-80.35798263549805,-81.34237289428711,2.3556017875671387,1.7216591835021973,1.584334373474121,-39.31319808959961,-41.9479866027832,-42.06914138793945,1100,27525
-63.935794534656296,-63.835794534656294,-63.63579453465629,0.062226026391610505,0.05747958757076412,0.06329765968164429,-191.40738360396887,-83.85996627807617,-83.74313735961914,-83.07076644897461,1.213982343673706,1.764843225479126,1.774237036705017,-41.15132522583008,-41.73047637939453,-42.324180603027344,1110,27775
-64.87184888517132,-62.57184888517132,-63.871848885171325,0.07150767043838277,0.036944419613108036,0.06708667062129825,-191.31554665551397,-83.88256454467773,-81.54989242553711,-82.33089828491211,2.4350857734680176,1.4996111392974854,1.6586836576461792,-41.959293365478516,-40.96876525878906,-41.824832916259766,1120,28025
-64.4552009432794,-64.8552009432794,-65.3552009432794,0.0541754083824344,0.03413623514783103,0.04545961150911171,-194.66560282983818,-82.0290641784668,-79.02166748046875,-80.36563873291016,1.2813538312911987,1.362013816833496,1.6201444864273071,-39.584861755371094,-41.25955581665039,-40.58649444580078,1130,28275
-71.38279945013721,-71.08279945013722,-70.88279945013721,0.08103229420213029,0.09548032609000802,0.08028949492797255,-213.34839835041166,-83.43631362915039,-80.6656494140625,-81.38792037963867,3.0497350692749023,1.7512668371200562,1.8376281261444092,-39.24003601074219,-42.10219955444336,-42.62422180175781,1140,28525
-58.22539966942268,-58.525399669422676,-58.425399669422674,0.07499088390450924,0.04317678351420909,0.0635496223163791,-175.17619900826804,-84.35849380493164,-82.71542358398438,-81.82466506958008,1.805322289466858,1.4861760139465332,2.131829023361206,-40.60720443725586,-41.496803283691406,-41.42127227783203,1150,28775
-61.690883397616645,-61.99088339761664,-61.79088339761664,0.05065058963932097,0.027358943677740173,0.03924655015580356,-185.47265019284993,-83.95791244506836,-81.83224868774414,-83.61794662475586,2.6877195835113525,2.767202377319336,1.9413964748382568,-41.39033508300781,-42.2443733215332,-40.33386993408203,1160,29025
-63.90421666320832,-64.90421666320832,-63.90421666320832,0.055863318896852435,0.052626397897140124,0.02965038902964443,-192.71264998962496,-81.77421188354492,-80.21432113647461,-81.5555419921875,2.4667649269104004,1.5266602039337158,2.6329166889190674,-39.83535385131836,-41.166664123535156,-41.01348876953125,1170,29275
-63.313890603901314,-64.21389060390132,-64.21389060390132,0.04396509149298072,0.042200511009432375,0.030794778958894313,-191.74167181170395,-83.3298110961914,-81.94583129882812,-82.2253303527832,2.9802050590515137,1.7980003356933594,1.4075626134872437,-40.162330627441406,-41.94036865234375,-42.08966064453125,1180,29525
-65.57778656904087,-65.17778656904088,-65.67778656904088,0.05038611293490976,0.042190234137699005,0.04772209503222257,-196.4333597071226,-82.5640754699707,-81.10538482666016,-81.46294784545898,2.325465440750122,1.4028189182281494,2.0186681747436523,-39.488407135009766,-41.72003936767578,-41.522396087646484,1190,29775
-66.88720404183746,-66.38720404183746,-66.88720404183746,0.0702198031998705,0.03212080537993461,0.03974459722265601,-200.16161212551236,-81.51900482177734,-81.75248718261719,-80.00382232666016,1.358870506286621,2.1612823009490967,1.9399595260620117,-38.97151565551758,-40.741790771484375,-42.576324462890625,1200,30025
-62.98920755912076,-62.98920755912076,-64.08920755912075,0.03611590840050485,0.037326668859925125,0.06915890766028315,-190.06762267736227,-81.8959846496582,-80.12406921386719,-81.47980880737305,1.5666420459747314,1.6008073091506958,1.5142226219177246,-39.290977478027344,-41.458290100097656,-41.53472900390625,1210,30275
-66.39052616101887,-65.89052616101887,-66.19052616101888,0.04831789471907541,0.05950740636326372,0.0547686230763793,-198.47157848305662,-82.14442825317383,-80.86281204223633,-82.6323013305664,1.3000794649124146,1.514920949935913,2.573031187057495,-40.77204513549805,-41.5234375,-41.08333969116211,1220,30525
-68.00102886850814,-66.60102886850814,-67.20102886850813,0.05866915690619499,0.07044944305904209,0.06538536097574979,-201.8030866055244,-83.31686401367188,-81.31353378295898,-82.44015884399414,2.4677422046661377,2.391601800918579,1.5342538356781006,-41.09014892578125,-40.80753707885742,-41.85477066040039,1230,30775
-61.38539416100487,-60.48539416100486,-61.085394161004864,0.06349042825400829,0.0680372217996046,0.04550725801708177,-182.9561824830146,-84.17942428588867,-82.525634765625,-80.75349807739258,1.5105561017990112,1.4147655963897705,2.795539140701294,-38.556724548339844,-42.15729522705078,-42.58134841918945,1240,31025
-63.90066351659816,-63.70066351659816,-64.00066351659817,0.05145546976476908,0.04554128763824701,0.04293712156219408,-191.6019905497945,-84.14541244506836,-82.1700668334961,-81.46393585205078,1.9846744537353516,2.2615785598754883,1.5483181476593018,-40.202152252197266,-41.5920295715332,-40.70436096191406,1250,31275
-66.64852531560494,-66.54852531560495,-66.94852531560494,0.056603669162839654,0.04258357910066843,0.056410447577480226,-200.14557594681483,-79.62114715576172,-78.72662734985352,-79.95113372802734,1.8791507482528687,2.549520254135132,2.8681557178497314,-38.657005310058594,-40.723106384277344,-40.318565368652344,1260,31525
-65.21379021205905,-65.51379021205905,-64.71379021205905,0.04848521174304187,0.054023734400514514,0.04356461999658495,-195.44137063617717,-82.62546920776367,-82.26259994506836,-80.93559646606445,2.8580331802368164,1.8739248514175415,1.7966728210449219,-39.81500244140625,-41.671661376953125,-40.956729888916016,1270,31775
-63.98611990219824,-64.28611990219824,-63.48611990219824,0.07253085644170641,0.05246385449264199,0.05662044250965118,-191.75835970659472,-82.40819931030273,-78.71831512451172,-79.29732131958008,3.8059470653533936,1.4890761375427246,1.9778399467468262,-38.60392379760742,-41.43256378173828,-40.063682556152344,1280,32025
-62.68725072967375,-62.18725072967375,-62.287250729673744,0.0737206512526609,0.05955689871357754,0.05373694545216858,-187.16175218902123,-81.38374710083008,-79.49227142333984,-80.70104217529297,2.0647270679473877,1.4826210737228394,2.3956284523010254,-38.59470748901367,-42.286888122558594,-40.655601501464844,1290,32275
-71.00125143634476,-71.40125143634477,-72.00125143634476,0.09548812941089273,0.052026791026815775,0.036784410803113135,-214.40375430903427,-82.98505020141602,-82.99440383911133,-81.01415252685547,2.9311490058898926,2.3849592208862305,2.440248966217041,-41.36500549316406,-40.20097732543945,-42.412139892578125,1300,32525
-66.53372770749071,-65.8337277074907,-67.2337277074907,0.052452140905254054,0.03644456919049844,0.07237343891523779,-199.6011831224721,-81.52095413208008,-78.91636276245117,-79.96611022949219,1.7584468126296997,1.7222543954849243,1.7177009582519531,-38.44728088378906,-40.60928726196289,-42.02682113647461,1310,32775
-65.9737523203971,-66.0737523203971,-65.1737523203971,0.0635285566803068,0.05008582347072661,0.06032254371326417,-197.2212569611913,-81.26373291015625,-81.62678527832031,-81.08888244628906,2.2146575450897217,1.824920892715454,1.9247337579727173,-40.194915771484375,-41.74846267700195,-41.62173843383789,1320,33025
-63.3721652997469,-65.27216529974689,-65.0721652997469,0.05915878772735596,0.05844716292899102,0.06776895830174907,-193.71649589924067,-83.57172393798828,-80.73157501220703,-81.64788436889648,2.8968234062194824,1.8359084129333496,1.7112642526626587,-39.77783966064453,-41.813053131103516,-41.50453567504883,1330,33275
-64.97862576121791,-63.47862576121791,-64.97862576121791,0.07120825657714158,0.0662520344229415,0.08902580105047674,-193.43587728365372,-82.41551208496094,-81.24706268310547,-81.7559814453125,1.6050699949264526,1.810006856918335,2.175022602081299,-39.348594665527344,-41.82247543334961,-42.183692932128906,1340,33525
-61.68512982976288,-61.885129829762874,-61.985129829762876,0.06482432706933469,0.053571309418883176,0.05750636207312346,-185.55538948928864,-83.9267692565918,-81.94262313842773,-82.5873908996582,2.045865297317505,1.348895788192749,1.770436406135559,-40.08384704589844,-41.732666015625,-41.914493560791016,1350,33775
-60.92695188946378,-60.92695188946378,-61.42695188946378,0.05636385121755302,0.08657257374562323,0.07764409731514751,-183.28085566839135,-83.53093338012695,-81.30072784423828,-79.88409423828125,1.8505805730819702,1.4151195287704468,2.266786813735962,-39.89708709716797,-41.50102233886719,-41.243431091308594,1360,34025
-62.8466803960593,-62.846680396059284,-63.646680396059296,0.04342200216371566,0.03405862134275958,0.04332015519961715,-189.34004118817788,-80.8962516784668,-80.6499252319336,-81.17605590820312,1.7893142700195312,1.938644289970398,2.449618339538574,-40.354740142822266,-41.61390686035156,-39.876060485839844,1370,34275
-60.36054177537202,-60.96054177537202,-59.46054177537202,0.03212497810990317,0.03504909933591262,0.02434140842827037,-180.78162532611606,-81.58013534545898,-80.08923721313477,-81.91809844970703,1.842654824256897,1.5542256832122803,1.4288737773895264,-39.910728454589844,-40.90904235839844,-42.47300720214844,1380,34525
-58.04658036701932,-58.04658036701932,-58.04658036701932,0.046969392731785777,0.04794521249760873,0.04378921802109107,-174.13974110105795,-82.1407356262207,-81.4947624206543,-80.84701538085938,1.703794240951538,2.217940330505371,2.826735496520996,-39.6993408203125,-40.53123474121094,-42.134864807128906,1390,34775
-60.474820717146244,-60.474820717146244,-59.77482071714625,0.08405874832905828,0.03954382875468582,0.05410989104956389,-180.72446215143873,-83.82129669189453,-81.51583099365234,-81.19552612304688,2.0628244876861572,1.7682204246520996,1.589349627494812,-39.827369689941406,-42.23075866699219,-39.99126434326172,1400,35025
-61.92158939296917,-61.52158939296917,-60.42158939296917,0.07392773189488798,0.06340337058348813,0.038731440916424616,-183.8647681789075,-82.60818481445312,-82.14159393310547,-80.82650375366211,1.5089253187179565,1.2702072858810425,1.2578537464141846,-39.34661102294922,-42.06167984008789,-40.70270919799805,1410,35275
-65.06081427069884,-65.16081427069886,-64.96081427069886,0.05148204186558723,0.06452185864560306,0.0815204475838691,-195.18244281209655,-81.17179489135742,-78.09505844116211,-78.60151672363281,2.3013033866882324,1.9902000427246094,2.9017434120178223,-39.9041748046875,-39.882083892822266,-39.642635345458984,1420,35525
-63.77017222134849,-63.77017222134849,-63.37017222134849,0.0631175712235272,0.05716025545541197,0.058858081457205114,-190.91051666404547,-82.78849411010742,-81.4212760925293,-79.96685409545898,1.9482805728912354,2.5873284339904785,1.9438000917434692,-39.640953063964844,-40.76907730102539,-40.63439178466797,1430,35775
-61.45853045450658,-61.95853045450657,-60.758530454506584,0.0254202364301309,0.04062285431707278,0.027290757447015493,-184.17559136351974,-82.50788116455078,-81.54066848754883,-82.26274108886719,1.432668685913086,1.32915198802948,1.478197693824768,-40.99412155151367,-41.51554870605469,-41.85224914550781,1440,36025
-58.8443769853453,-58.4443769853453,-58.9443769853453,0.05160537529923022,0.036188805532641706,0.06873755782656371,-176.2331309560359,-78.9891242980957,-80.29967880249023,-79.28204345703125,1.5567896366119385,5.660549163818359,1.7292850017547607,-39.44374084472656,-39.26958465576172,-40.42470169067383,1450,36275
-63.60272886358666,-61.90272886358666,-63.702728863586664,0.04453277128143236,0.049453532710671426,0.053346468651667235,-189.20818659076,-82.6850814819336,-80.49360656738281,-79.82825088500977,1.4101181030273438,1.1907927989959717,1.7234958410263062,-39.04882049560547,-41.6898193359375,-40.606407165527344,1460,36525
-63.71396556854256,-63.313965568542564,-64.01396556854256,0.07008482011966408,0.05983285742253065,0.06227213064953685,-191.0418967056277,-81.96437454223633,-81.97420883178711,-80.29264068603516,2.062971591949463,1.649584412574768,1.704636812210083,-40.29415512084961,-40.117130279541016,-40.315643310546875,1470,36775
-62.97989805507022,-62.079898055070224,-62.579898055070224,0.07043631469481625,0.07329482939466835,0.06564998378232122,-187.63969416521067,-81.65073776245117,-78.95043563842773,-79.69398880004883,2.0123777389526367,1.7126041650772095,1.7663695812225342,-39.12761306762695,-41.109230041503906,-41.04092025756836,1480,37025
-61.476771888827514,-61.57677188882751,-61.37677188882751,0.08280680244672112,0.04488661687192507,0.040898252526530995,-184.43031566648253,-81.04006958007812,-80.00930404663086,-80.55532455444336,2.717651844024658,5.930657386779785,1.6485515832901,-40.3223876953125,-40.60436248779297,-41.091339111328125,1490,37275
-58.03217064059354,-58.03217064059354,-57.83217064059354,0.03778205230040476,0.037585492482874544,0.044856700496748086,-173.89651192178061,-83.52451705932617,-82.674072265625,-81.73580932617188,2.0354342460632324,1.6213042736053467,1.6287752389907837,-40.47435760498047,-41.894256591796875,-40.88046646118164,1500,37525
-58.96438962994078,-59.664389629940786,-61.064389629940784,0.06649733415059746,0.05345630635693669,0.052317581951851024,-179.69316888982235,-82.88368225097656,-78.62430953979492,-80.3538818359375,1.7313679456710815,2.4469079971313477,2.152833938598633,-38.73480224609375,-41.03795623779297,-40.47905349731445,1510,37775
-60.469101945683654,-62.16910194568366,-60.96910194568365,0.048049307817593215,0.02969736512284726,0.04694853799091652,-183.60730583705094,-81.96458053588867,-81.41128921508789,-81.4677963256836,1.5036758184432983,1.7243587970733643,1.417918086051941,-39.65433120727539,-42.3767204284668,-41.120887756347656,1520,38025
-63.4572928295034,-65.55729282950341,-65.75729282950341,0.05497198005579412,0.050900019153457834,0.07011853243410587,-194.77187848851023,-81.06425476074219,-79.14413833618164,-81.72535705566406,2.3967692852020264,1.603617787361145,1.623079776763916,-40.94151306152344,-40.72040557861328,-41.19423294067383,1530,38275
-65.48324657285748,-64.48324657285748,-64.68324657285748,0.038463888438418505,0.04039308069832623,0.04295656267926097,-194.64973971857245,-83.37581634521484,-81.37844848632812,-80.9188461303711,3.032240867614746,2.3253774642944336,2.4028234481811523,-38.89512634277344,-42.361419677734375,-41.51393127441406,1540,38525
-65.87198637994867,-66.07198637994867,-64.27198637994867,0.07447558479104191,0.05854435675404966,0.051827359220013025,-196.215959139846,-82.40182876586914,-81.12556076049805,-81.41432189941406,1.445574402809143,2.163119077682495,2.288799524307251,-39.72796630859375,-40.618648529052734,-41.642845153808594,1550,38775
-59.95052716104182,-59.750527161041816,-59.55052716104181,0.04171555346576497,0.04979094470618293,0.06979401326738298,-179.25158148312545,-82.07865905761719,-81.0505485534668,-81.07794570922852,1.4482686519622803,1.557715654373169,2.0563156604766846,-39.94597244262695,-41.65652084350586,-40.83531188964844,1560,39025
-60.26643776600777,-60.26643776600777,-60.466437766007765,0.04136733926273883,0.05337716384232044,0.04477452453877777,-180.9993132980233,-82.57099914550781,-79.6330337524414,-81.57260513305664,1.8996992111206055,1.3986016511917114,1.5437593460083008,-39.50233840942383,-41.719085693359375,-40.53966522216797,1570,39275
-65.1084522687685,-65.70845226876851,-67.6084522687685,0.049770709751173856,0.04837573449127376,0.07445526409335435,-198.42535680630553,-80.78108978271484,-79.7921028137207,-81.0422134399414,1.4553279876708984,1.7040537595748901,2.36842679977417,-39.7215690612793,-41.396080017089844,-40.62058639526367,1580,39525
-67.97861756472744,-67.47861756472744,-68.57861756472744,0.03994563920609653,0.05205987334251404,0.0392752483105287,-204.03585269418232,-81.63496017456055,-80.52067947387695,-80.13129425048828,1.306119441986084,2.227651834487915,1.4964853525161743,-39.441314697265625,-41.087711334228516,-41.36825180053711,1590,39775
-64.33382076257178,-63.73382076257178,-64.53382076257178,0.0369421742092818,0.05334097618050873,0.052583673987537626,-192.60146228771535,-81.07694244384766,-80.98987579345703,-81.46831893920898,4.302355766296387,2.4054791927337646,2.21911358833313,-40.349430084228516,-42.00420379638672,-39.60633087158203,1600,40025
-65.98224139237512,-67.38224139237511,-66.18224139237512,0.03465892948023975,0.030083543960470707,0.032267116618342695,-199.54672417712533,-80.68973541259766,-80.66240692138672,-81.32897186279297,2.0475738048553467,1.5237579345703125,2.369084358215332,-40.62141036987305,-40.8431282043457,-40.425045013427734,1610,40275
-62.747621895834186,-62.84762189583419,-62.647621895834185,0.04730571604799479,0.048407482840586456,0.03070826177159324,-188.24286568750256,-82.15084457397461,-81.43306350708008,-80.21377563476562,2.5371205806732178,1.5265947580337524,2.3114633560180664,-40.15423583984375,-41.42695236206055,-40.894081115722656,1620,40525
-66.41626592436525,-66.31626592436524,-66.41626592436525,0.09335911773145199,0.11190459047444165,0.06008457583235577,-199.14879777309574,-82.84580612182617,-80.82393264770508,-80.28402709960938,1.9255666732788086,2.48305082321167,2.0871284008026123,-39.14362335205078,-41.155677795410156,-41.67364501953125,1630,40775
-63.74495861698423,-63.44495861698423,-63.34495861698423,0.049810797730460765,0.05125716381985694,0.0560105094704777,-190.5348758509527,-82.8501205444336,-81.34255981445312,-82.73879623413086,1.9531997442245483,1.673130750656128,1.5793282985687256,-40.88947677612305,-41.53647232055664,-40.41933059692383,1640,41025
-58.028289571850465,-58.32828957185046,-59.32828957185046,0.038333107898943126,0.03829931357130408,0.04045394683163613,-175.68486871555137,-82.50323104858398,-80.80395126342773,-80.17589569091797,1.9497685432434082,1.803914189338684,1.7056381702423096,-39.512367248535156,-41.21986770629883,-40.657081604003906,1650,41275
-58.160147017743256,-59.36014701774326,-57.76014701774326,0.03885439253412187,0.0476703657573089,0.03898900348646566,-175.2804410532298,-82.00371932983398,-79.38761901855469,-77.61273574829102,1.401779294013977,2.3018338680267334,1.6296498775482178,-39.201683044433594,-39.921749114990234,-40.44453430175781,1660,41525
-64.38339203826027,-65.48339203826028,-65.68339203826028,0.059420542780309914,0.06514911079127342,0.048473949922248724,-195.55017611478084,-81.03816223144531,-80.49758529663086,-80.72051239013672,1.3865883350372314,1.3939454555511475,1.7910165786743164,-38.61802291870117,-41.49144744873047,-41.14881134033203,1670,41775
-62.512939670258035,-61.81293967025804,-62.61293967025804,0.0755902692922391,0.06420987754687667,0.03984087753668428,-186.93881901077413,-80.85313415527344,-80.91699600219727,-80.68206787109375,2.0477731227874756,2.965355634689331,1.5108569860458374,-39.146888732910156,-40.97710037231445,-41.1327018737793,1680,42025
-62.21310227690871,-60.613102276908705,-62.013102276908704,0.0543225405625999,0.05827738350443542,0.039146059141494334,-184.83930683072612,-81.74649810791016,-80.14611053466797,-79.593994140625,2.4647560119628906,1.8968905210494995,1.2805534601211548,-38.59151840209961,-41.10262680053711,-40.7064208984375,1690,42275
-64.67112509846707,-63.87112509846709,-63.471125098467084,0.05833097537234425,0.04978021431714296,0.0660669999057427,-192.01337529540126,-82.32907104492188,-79.44132995605469,-78.96984481811523,1.8506755828857422,3.168100357055664,1.5224266052246094,-38.25508117675781,-41.102989196777344,-40.88333511352539,1700,42525
-65.39687855991079,-65.39687855991079,-66.29687855991078,0.05236332660168409,0.0652511597564444,0.04884308267617598,-197.09063567973234,-80.28855514526367,-80.13192367553711,-80.0294075012207,1.6116008758544922,2.0589957237243652,2.4606382846832275,-39.21742630004883,-40.49054718017578,-40.370094299316406,1710,42775
-65.34834572994563,-65.24834572994564,-64.14834572994565,0.04719488913659006,0.057547595630399885,0.05012514015287161,-194.74503718983692,-80.44579696655273,-80.3352279663086,-79.2368392944336,1.4153741598129272,2.447678804397583,1.392449140548706,-38.936073303222656,-40.36619567871094,-41.21145248413086,1720,43025
-62.29494337037202,-60.49494337037201,-62.094943370372015,0.052445327626541256,0.03678836932021659,0.05561977883684449,-184.88483011111606,-81.97214889526367,-78.99602890014648,-79.23272323608398,2.6486923694610596,1.820116639137268,1.8092453479766846,-38.190181732177734,-40.686187744140625,-41.392189025878906,1730,43275
-64.887961130854,-64.087961130854,-64.687961130854,0.05430989546072669,0.04443219198909355,0.05718473873194307,-193.663883392562,-81.71165466308594,-80.07491683959961,-81.78343963623047,1.6570825576782227,1.4501953125,1.5483109951019287,-40.82278823852539,-40.897029876708984,-41.04850387573242,1740,43525
-62.09848651622171,-64.99848651622172,-64.29848651622171,0.052183310685679316,0.05056496945675462,0.05864805652434006,-191.39545954866514,-82.3862190246582,-82.28961181640625,-80.74297714233398,2.8435654640197754,2.690054178237915,1.7755637168884277,-40.941856384277344,-40.331443786621094,-41.914756774902344,1750,43775
-62.33867399434611,-62.038673994346105,-61.938673994346104,0.04612345240754075,0.05908965723589063,0.04197882437892258,-186.3160219830383,-81.4765853881836,-80.4054946899414,-80.30945205688477,1.5097707509994507,1.4843496084213257,1.9991979598999023,-38.4549674987793,-40.475685119628906,-41.26936340332031,1760,44025
-58.791673165904584,-57.791673165904584,-58.791673165904584,0.042750372181879354,0.04065732419118285,0.04260463250242174,-175.37501949771374,-79.75264739990234,-79.0286979675293,-79.96965408325195,3.248342275619507,1.465985894203186,1.5327001810073853,-38.19184494018555,-40.75117874145508,-39.98030471801758,1770,44275
-64.41553908337416,-63.21553908337415,-64.01553908337415,0.04672812584321946,0.05909452539216727,0.05050304710050114,-191.64661725012246,-79.97554779052734,-78.93371200561523,-80.95629119873047,1.6550707817077637,1.676771640777588,3.9096078872680664,-40.096065521240234,-40.12059020996094,-39.99870300292969,1780,44525
-65.76005233847255,-66.76005233847255,-64.96005233847255,0.037540653550066055,0.05153556158393621,0.059627954972907904,-197.48015701541763,-82.1269645690918,-81.38266372680664,-81.09619903564453,2.9477698802948,1.9761632680892944,1.6596455574035645,-40.64836502075195,-41.010337829589844,-40.31755065917969,1790,44775
-62.25753211793985,-60.05753211793986,-61.55753211793986,0.08989060743525625,0.05212163521908224,0.07304759274795651,-183.87259635381957,-80.4273796081543,-81.54220581054688,-81.55168533325195,2.816394567489624,1.2627921104431152,2.8212084770202637,-41.09427261352539,-40.93442153930664,-39.92892074584961,1800,45025
-65.09373454057146,-63.89373454057146,-64.89373454057146,0.06218655135622248,0.0688831983357668,0.06297617389447988,-193.8812036217144,-79.9399642944336,-80.03644561767578,-81.16511154174805,1.6142668724060059,1.610896110534668,1.6262942552566528,-39.567955017089844,-41.168426513671875,-41.631324768066406,1810,45275
-62.09821753736304,-61.19821753736304,-62.19821753736304,0.043155301021179183,0.03162536172010005,0.03971227983944118,-185.4946526120891,-82.65436553955078,-81.8777961730957,-81.17164611816406,1.5167362689971924,2.0831706523895264,2.6695363521575928,-39.448307037353516,-41.34267807006836,-41.4229621887207,1820,45525
-66.22047146321869,-64.52047146321868,-65.42047146321869,0.05438393963966519,0.04768923686398193,0.05692533068172634,-196.16141438965604,-82.32846450805664,-81.71253204345703,-81.67315292358398,1.8463414907455444,1.493514895439148,1.4613598585128784,-40.31306838989258,-40.331703186035156,-40.492252349853516,1830,45775
-66.08577534311988,-65.78577534311987,-66.18577534311987,0.06996394296735525,0.06990511896461249,0.04609587632678449,-198.05732602935961,-79.8834228515625,-80.20543670654297,-81.36421585083008,2.7056772708892822,1.4593459367752075,2.1744720935821533,-40.17190933227539,-41.18902587890625,-39.96714401245117,1840,46025
-57.68042888029949,-57.68042888029949,-57.68042888029949,0.03540376417245716,0.06178623779211193,0.05393111294880509,-173.04128664089845,-80.09530258178711,-79.07695770263672,-79.64262390136719,2.1912193298339844,1.3811442852020264,1.8372058868408203,-37.98463821411133,-40.731143951416016,-40.022579193115234,1850,46275
-63.72312469439369,-61.92312469439368,-62.72312469439369,0.0314777431874536,0.030702408101409673,0.05168913221359253,-188.36937408318107,-81.55228424072266,-79.59933471679688,-78.15078353881836,1.9153627157211304,3.9414963722229004,1.83693265914917,-40.05534362792969,-40.571014404296875,-40.662017822265625,1860,46525
-63.31653807854336,-62.01653807854336,-62.91653807854336,0.04597124313376844,0.0666600897279568,0.03847667267289944,-188.24961423563008,-80.71013259887695,-80.64212417602539,-78.8217887878418,1.7726436853408813,2.2795357704162598,2.2928309440612793,-38.81804656982422,-39.770469665527344,-41.73126220703125,1870,46775
-63.92170044304877,-62.72170044304878,-63.42170044304877,0.048756229009479284,0.04123853434622288,0.04709859162569046,-190.06510132914633,-79.16505432128906,-80.34709548950195,-76.71391677856445,1.5792244672775269,5.791400909423828,1.2396316528320312,-39.086761474609375,-38.713661193847656,-40.112709045410156,1880,47025
-66.34238217285538,-64.94238217285537,-65.94238217285537,0.04961540045309812,0.052916650573723016,0.03889691383205354,-197.22714651856614,-78.4012565612793,-80.33454513549805,-81.25566482543945,2.431234121322632,2.436418056488037,2.193803548812866,-40.415828704833984,-40.59228515625,-39.76044464111328,1890,47275
-62.02709606131864,-62.22709606131864,-62.22709606131864,0.05471964042354375,0.03788037056196481,0.05920117639005184,-186.4812881839559,-80.56045150756836,-78.16962432861328,-78.20024490356445,2.3914742469787598,2.048348903656006,1.7503694295883179,-39.1827507019043,-40.02029037475586,-41.29436111450195,1900,47525
-65.39368058738188,-64.79368058738189,-63.79368058738188,0.04440158995334059,0.04038914071302861,0.043670088246464726,-193.98104176214565,-82.1925163269043,-81.89324569702148,-80.54780960083008,2.1345489025115967,2.181875467300415,2.3940207958221436,-40.41587829589844,-40.399986267089844,-40.56932067871094,1910,47775
