Play 1,Play 2,Return,total_numsteps
-7.5174255,-8.439024,-1.6146061,63
-3.4522011,-5.6789684,-0.25392708,64
5.2148876,-4.055546,-9.354304,65
8.967129,-5.0037766,-17.340508,66
9.119961,-6.5234637,-17.928377,67
7.3084106,-8.465034,-14.53364,68
-2.2287116,-8.717719,-1.9112421,69
-9.188534,-5.7660236,-1.6116095,70
-9.763386,2.2752972,-6.72176,71
-9.724024,7.3055267,-15.44377,72
-8.148792,7.6765275,-15.165265,73
-2.404347,5.7375407,-10.847308,74
2.8949568,0.6787438,-8.406975,75
3.496796,-5.5524964,-6.444514,76
1.5548247,-7.728109,-4.480738,77
-1.5380996,-7.718216,-1.7220846,78
-4.719028,-7.7300415,-0.6695176,79
-6.797476,-6.4892917,-0.48434743,80
-7.5739646,-4.07137,-0.6655686,81
-7.289979,-1.1503212,-1.7834694,82
-5.7351,2.2434993,-4.7118807,83
-2.8295193,3.8800507,-7.4281154,84
0.47458363,2.9895875,-8.338184,85
1.8706312,0.70665145,-7.090796,86
1.455542,-1.7174357,-4.6621556,87
-0.113062374,-2.1532564,-2.8432097,88
-1.9302702,-1.292442,-2.059487,89
-2.608541,-0.41217878,-2.3793046,90
-2.0534778,-0.922526,-2.249581,91
-1.0965536,-1.5196365,-2.4310954,92
-0.99232787,-0.904355,-2.918733,93
-1.6490127,0.35338998,-3.545591,94
-2.5695052,1.2753755,-4.0255685,95
-3.382029,1.7227846,-4.2501035,96
-3.7906482,0.71882296,-3.0371082,97
-3.0068998,-0.77665097,-1.938589,98
-2.0237846,-1.1079143,-2.1338835,99
-1.3541648,-0.57580805,-2.9213855,100
-0.6843773,0.6389213,-4.481959,101
-0.3950494,0.9653137,-5.0480485,102
-0.19161424,0.70885533,-4.9521422,103
-0.123091824,0.8895074,-5.197381,104
-0.22807792,1.3918808,-5.655767,105
-0.65759,1.0625886,-4.943245,106
-0.6732122,0.54761165,-4.3997416,107
-0.52871734,0.46881005,-4.4355774,108
-0.039940283,0.38395944,-4.763485,109
-0.35434768,-0.03795339,-4.1070213,110
-1.184696,-0.05914036,-3.463879,111
-1.0201323,0.19776613,-3.809433,112
-0.61787117,0.48372704,-4.3799396,113
-0.28927603,0.6599213,-4.8200564,114
0.6690961,1.0905442,-6.154078,115
1.7688105,1.0868187,-7.36588,116
2.6328464,1.7833784,-5.9500713,117
3.1355271,3.0212245,2.6081886,118
3.2803903,3.4783337,4.727474,119
3.575594,3.0277574,4.0813265,120
3.627297,1.9949783,-0.9144678,121
3.0211496,1.3933141,-6.924032,122
2.637291,1.0394578,-8.426958,123
2.5056994,1.1590515,-8.379506,124
2.4549038,1.5304738,-8.515127,125
2.8541267,2.8256145,0.6672754,126
3.2331138,3.440752,4.446859,127
3.4418154,3.3755536,4.933234,128
3.3205426,3.4145305,4.6657095,129
2.8534997,3.475103,3.067225,130
2.7304566,3.0532944,1.0595102,131
2.7984762,2.8014388,0.31962204,132
3.2225025,2.7417624,1.7408657,133
3.667162,3.2921169,5.306678,134
4.154992,3.9819732,8.249583,135
4.2636747,3.5690699,7.410264,136
3.943684,2.929145,4.5957565,137
2.8057587,2.1077504,-3.179802,138
2.0486107,1.1685953,-7.7986207,139
1.4444793,1.2762601,-7.193134,140
1.1438074,1.7330446,-7.384912,141
1.246528,2.3258202,-8.238823,142
1.591799,3.673278,-3.3760252,143
1.8962704,4.441087,0.05447769,144
2.4828978,4.5244317,3.4380312,145
2.9229288,4.2067757,5.0565705,146
3.3980803,3.853452,6.119281,147
3.4519813,3.3029556,4.7236786,148
3.4139297,2.6460257,1.9431858,149
2.9373276,2.3220856,-1.4258423,150
2.6797976,2.3179536,-2.5767117,151
2.5623446,2.5125246,-2.1296978,152
3.1732812,2.9669752,2.5299087,153
3.2884822,3.7359862,5.472976,154
3.1705618,4.650823,6.5312314,155
3.080528,4.8838987,6.302148,156
3.2006545,4.8817368,6.7483697,157
2.5734415,4.4191523,3.7744298,158
2.4872298,4.3699646,3.2890415,159
2.4354606,3.7896566,1.9582062,160
2.180734,3.6241431,0.15875626,161
2.3897884,3.744271,1.6099396,162
2.5684392,3.9771926,3.0413775,163
2.303675,4.238189,2.1494756,164
2.2297614,4.304922,1.8426447,165
1.7467606,4.2095847,-1.2083225,166
1.8532605,3.9985847,-0.90480137,167
1.721008,3.6965,-2.450902,168
1.6952945,3.4517386,-3.3181934,169
1.6199087,3.4227684,-3.9126759,170
1.6632761,3.4178958,-3.6367798,171
1.83782,3.375208,-2.6393318,172
1.8243097,3.3886018,-2.681612,173
1.7498268,3.3740025,-3.2074928,174
1.6887678,3.2969532,-3.864627,175
1.7229873,3.0310545,-4.6155596,176
1.8838412,2.9171352,-4.048772,177
2.2379782,2.6313422,-3.2393036,178
2.200448,2.5244536,-3.9658203,179
2.1673915,2.751646,-3.0787668,180
2.1485763,3.377809,-0.7621212,181
2.0634377,4.183226,0.7094822,182
2.1196392,4.16306,1.0030537,183
2.2090118,4.573567,2.0285397,184
2.0640812,4.748702,1.3172302,185
2.0761113,4.3914266,1.080514,186
1.8324423,3.9068513,-1.2283955,187
1.7992582,3.615301,-2.16214,188
1.6216881,3.795156,-2.8646402,189
1.4539945,4.3150496,-3.043312,190
1.3980638,4.1999617,-3.614007,191
1.5606258,4.0813403,-2.6732311,192
1.8685514,4.2273097,-0.4030218,193
1.8916409,4.4707327,0.057979584,194
1.8901367,4.174859,-0.35210705,195
1.796744,3.7247343,-1.8871527,196
1.7226993,2.9564543,-4.9167805,197
1.6619036,2.3314552,-8.264019,198
1.5135689,2.1489425,-8.31413,199
1.6065023,2.2584906,-8.562805,200
1.6233205,2.5655713,-7.3284073,201
1.7444961,2.8336196,-5.2915096,202
1.8753045,3.0466952,-3.5791216,203
1.98807,3.2008095,-2.3088083,204
2.3797271,3.1802855,-0.17719078,205
2.1992073,3.3274314,-0.64192486,206
2.0090482,3.1159914,-2.4952812,207
2.098753,2.9887078,-2.4625301,208
1.9972223,3.1333828,-2.5009327,209
2.1275494,3.078635,-1.9426165,210
2.1715262,3.2508535,-1.0597773,211
2.2897828,3.2164483,-0.5263338,212
2.3084674,2.9117286,-1.6052246,213
2.3697746,2.953925,-1.1045094,214
2.4688914,2.8837805,-0.8848953,215
2.4043698,3.0812254,-0.41899204,216
2.4085386,3.2995858,0.39291954,217
2.3366632,3.233729,-0.21307659,218
2.4195218,3.693341,1.6337748,219
2.3118572,3.8648472,1.4853163,220
2.383397,4.158401,2.4451008,221
2.4402757,4.67698,3.3434691,222
2.5074015,4.3380475,3.3487716,223
2.685494,4.0874486,3.8103113,224
2.7076352,3.7264884,3.1232314,225
2.6586394,3.4022913,1.9653578,226
2.500371,3.2943382,0.84257317,227
2.6514263,3.7211158,2.8486567,228
2.6815975,3.8739586,3.3570404,229
2.6452904,4.415253,4.113414,230
2.513341,4.705563,3.7298336,231
2.4881723,4.6869745,3.5927367,232
2.607399,4.449896,3.9728456,233
2.7377117,4.191686,4.22868,234
2.7930176,4.193912,4.4794507,235
2.8016148,4.1603427,4.462078,236
2.8070831,3.9233983,4.032044,237
2.743542,3.9780247,3.8639636,238
2.7226572,3.8662448,3.5283089,239
2.7796671,3.8511758,3.7503247,240
2.9203444,3.9872727,4.649416,241
2.9741488,4.156597,5.1845984,242
2.880312,4.2330933,4.9187765,243
2.7006853,4.0815797,3.869656,244
2.3359823,4.3163514,2.4356346,245
1.8806121,4.4925485,0.011912346,246
1.5118475,4.3443184,-2.597126,247
1.668563,4.2742815,-1.6251411,248
1.7195343,4.109192,-1.5549936,249
1.924679,3.9569747,-0.54550076,250
2.0185962,3.9683511,0.046931267,251
2.078968,4.000139,0.4678507,252
2.1773067,4.0616894,1.1519756,253
2.133666,3.8666177,0.49957466,254
2.4079256,3.942524,2.1628947,255
2.580066,4.0154924,3.1746645,256
2.358678,3.6563492,1.2180214,257
2.0368156,3.4764628,-1.1016273,258
1.9178667,3.2310157,-2.628852,259
1.8909615,2.930224,-3.9500923,260
1.74236,2.7595525,-5.6318226,261
1.6463314,2.5849586,-7.0795193,262
1.433572,2.3582182,-8.491931,263
1.4339406,2.3588586,-8.49319,264
1.4169841,2.6857316,-8.19384,265
1.6068544,2.909206,-5.884857,266
1.9758176,3.218172,-2.320589,267
2.4490364,3.6009536,1.5352535,268
2.6681926,3.994506,3.5516562,269
2.7597773,4.08369,4.141779,270
2.8123374,4.4503765,4.9120464,271
2.8299549,4.3671885,4.8904533,272
2.9397392,4.285429,5.244714,273
3.1123433,4.3972454,6.073439,274
3.1763413,4.267852,6.138228,275
3.1713195,4.1134667,5.8699865,276
3.2321188,4.1718154,6.1887064,277
3.1939945,4.0167065,5.771478,278
3.1032383,3.902616,5.1980433,279
3.1200209,4.0113893,5.488327,280
2.9551396,4.1736403,5.135676,281
2.763888,4.415723,4.658423,282
2.7534282,4.289493,4.4480953,283
2.8305528,4.207081,4.664778,284
2.8853967,3.609502,3.5949683,285
2.9736586,3.2906675,2.9721231,286
3.0073733,2.9855194,1.9713068,287
3.07472,2.8853412,1.8215141,288
3.0646157,2.614048,0.5615206,289
3.0153968,2.747896,0.989378,290
3.0949583,3.3025262,3.489399,291
3.0408359,3.417815,3.6583662,292
2.8504791,3.543556,3.2583308,293
2.8998873,3.1748567,2.2583785,294
2.8903275,3.4358315,3.1026587,295
2.9945781,3.4700634,3.637577,296
3.1832335,3.6367526,4.8409157,297
3.2448623,4.1706448,6.231662,298
3.3290782,3.8274124,5.833059,299
3.408421,3.3790412,4.839369,300
3.319601,3.4915257,4.9007645,301
2.8786755,3.466692,3.1489487,302
2.3896184,3.6526155,1.3704634,303
2.207418,4.2402625,1.6242847,304
2.2833028,4.550311,2.4173365,305
2.2013347,4.7782955,2.11832,306
2.3877707,4.778265,3.1270914,307
2.6063383,5.183975,4.2365365,308
2.6064012,4.954207,4.2685876,309
2.5005124,4.504864,3.507402,310
2.3106937,4.303197,2.2820973,311
1.9970884,4.358223,0.5706444,312
1.8371861,4.287966,-0.51038456,313
1.9254305,4.230971,-0.04438305,314
2.1634524,4.3893013,1.5810452,315
2.370296,4.3940563,2.7174888,316
2.5174246,3.881442,2.5856476,317
2.650176,3.5392282,2.344473,318
2.9744334,3.2132075,2.7044525,319
2.7671604,3.1165574,1.4670715,320
2.7110333,3.3567681,2.0604205,321
2.81774,4.0864935,4.403247,322
2.8699026,4.3223853,5.0035233,323
3.0285058,4.487809,5.850871,324
3.1198194,4.8709407,6.4482646,325
2.9841652,4.992977,5.936361,326
3.122218,5.0836926,6.46693,327
3.2997684,4.801209,7.0696945,328
3.4223042,4.6554365,7.392152,329
3.5138116,4.591785,7.624604,330
3.4120421,4.6322384,7.343141,331
3.4714622,4.6731052,7.556712,332
3.3533444,4.791439,7.245028,333
3.1977959,5.229673,6.6993103,334
3.158271,5.4555426,6.4005156,335
3.1240315,5.6344743,6.078185,336
3.0872765,5.611642,5.967383,337
3.125309,5.4617558,6.272315,338
3.1974072,5.248742,6.6887865,339
3.1780229,5.0799475,6.674008,340
3.2870417,4.8654237,7.0476627,341
3.235404,4.625825,6.746194,342
3.4026423,4.8233657,7.4172487,343
3.4953961,4.600997,7.576964,344
3.5375543,4.9409466,7.857765,345
3.7002647,4.7629933,8.254516,346
3.8410094,4.0843196,7.81827,347
4.0503078,3.9298952,7.95296,348
4.141771,3.7866547,7.791236,349
4.1758637,3.8693917,8.042524,350
4.248146,4.032111,8.497907,351
4.2610664,4.486461,9.190255,352
4.2139535,4.719138,9.303247,353
4.183105,5.165672,9.305235,354
4.0983577,5.2295394,9.134353,355
3.9333882,5.308721,8.767031,356
3.6270735,5.2128096,8.069785,357
3.4228363,5.1661925,7.484935,358
3.1829276,4.6900687,6.6021905,359
2.971482,4.1875277,5.2250032,360
2.8567886,4.2655654,4.8672504,361
2.935802,4.693855,5.645362,362
2.9332743,4.7213526,5.6510005,363
2.8563218,4.8241596,5.373724,364
3.0231109,5.458407,5.8817725,365
3.0055187,5.691736,5.5435452,366
3.1536434,5.3879046,6.4404974,367
3.2425952,5.508276,6.653184,368
3.2145867,5.20595,6.769884,369
3.0733383,4.8243747,6.2571306,370
2.9537225,4.9396343,5.8091044,371
2.8814278,4.6439114,5.3848524,372
2.9320788,4.6152644,5.5756803,373
2.8589816,4.735764,5.3462195,374
2.9999475,4.77537,5.9493318,375
3.3397865,5.076535,7.2378335,376
3.3048928,5.407725,6.960372,377
3.619989,5.6762686,7.6382303,378
3.8147259,6.1568766,7.2567616,379
3.5934713,6.0535965,6.9116116,380
3.5479555,5.797079,7.256232,381
3.5370026,5.531974,7.576642,382
3.6214688,5.0965977,8.090321,383
3.6144078,5.069525,8.0753,384
3.570331,4.939882,7.9524326,385
3.5845115,4.784433,7.949923,386
3.5174167,4.759355,7.7440367,387
3.3996444,4.9133563,7.4313545,388
3.398254,5.2212186,7.385472,389
3.5212817,5.6347823,7.4104433,390
3.5727077,5.88986,7.170985,391
3.6533306,6.1799264,6.7942553,392
3.874813,6.125082,7.468145,393
3.991346,5.679953,8.520281,394
4.1157045,5.374389,9.077854,395
4.3213067,5.351059,9.416133,396
4.4299173,5.1627407,9.648521,397
4.4483786,5.1279635,9.679339,398
4.4457655,4.782228,9.645399,399
4.4502516,4.499695,9.447472,400
4.3298073,4.358395,9.139185,401
4.400106,4.405528,9.28673,402
4.468474,4.4215336,9.382856,403
4.3702583,4.4752283,9.32804,404
4.2296753,4.4552274,9.109822,405
4.0855556,4.779561,9.115198,406
4.1190457,4.9992237,9.223919,407
4.0618763,5.2814045,9.040735,408
4.005131,5.252534,8.946462,409
4.1259236,5.3635874,9.103795,410
4.0010157,5.0715084,8.996917,411
3.9593685,4.9489527,8.91448,412
3.8927987,4.861437,8.754906,413
3.8739862,5.0264306,8.731395,414
3.8249042,5.025367,8.618506,415
3.828471,5.05913,8.624023,416
3.8392391,5.3147593,8.55356,417
3.8069048,5.264386,8.506624,418
3.9674172,4.999754,8.933773,419
4.0291066,4.686604,8.959149,420
4.238004,4.44295,9.109057,421
4.562688,3.9283035,8.660225,422
4.572683,4.124375,9.05068,423
4.5941935,4.353539,9.417409,424
4.537551,4.2983837,9.293876,425
4.564254,4.566786,9.622451,426
4.5004163,5.160084,9.72479,427
4.385595,5.1963754,9.583943,428
4.380726,5.263403,9.547118,429
4.3767653,5.33029,9.502487,430
4.442373,5.488558,9.450363,431
4.488577,5.4608545,9.526059,432
4.4515896,5.614897,9.321148,433
4.5748878,5.9064794,8.997575,434
4.543448,6.0534964,8.681705,435
4.5073924,5.826028,9.075016,436
4.654594,5.6894903,9.405298,437
4.7530074,5.420475,9.762196,438
4.7756786,4.894595,9.93857,439
4.7150297,4.3847313,9.540236,440
4.6380863,4.3736863,9.476749,441
4.7447557,4.589097,9.766009,442
4.6201334,4.895813,9.844847,443
4.592868,4.938412,9.83045,444
4.6255317,4.998597,9.859772,445
4.6819425,5.221528,9.849765,446
4.454893,5.414937,9.530685,447
4.420974,5.6968374,9.179146,448
4.435256,5.576176,9.349085,449
4.455618,5.6204376,9.318706,450
4.5756726,5.405476,9.655536,451
4.607607,5.5158334,9.579944,452
4.84748,5.292533,9.891162,453
4.995981,4.960747,9.998443,454
5.1357408,4.523029,9.754073,455
5.130014,4.545787,9.776787,456
4.9055777,4.451997,9.690777,457
4.8962154,4.5934696,9.823962,458
4.783825,4.787938,9.9082985,459
4.8241796,5.099141,9.959258,460
4.8464637,5.3323965,9.865939,461
4.824297,5.276604,9.892618,462
4.648188,5.4361463,9.686005,463
4.553255,5.67673,9.342455,464
4.362359,5.807194,8.941852,465
4.2323213,5.5629215,9.093789,466
4.175779,5.535166,9.034257,467
4.1205206,5.552169,8.921625,468
4.0741305,5.5894346,8.795333,469
4.3810716,5.4902525,9.37658,470
4.3433943,5.377169,9.426613,471
4.4756417,5.429538,9.540545,472
4.3647733,5.599814,9.236711,473
4.513781,5.6601324,9.327816,474
4.493908,6.005066,8.733713,475
4.5186095,6.0397825,8.687116,476
4.5086794,6.512292,7.471577,477
4.487054,6.535265,7.3798475,478
4.242373,6.576243,6.9414597,479
4.2563205,6.465793,7.2983913,480
4.3614907,6.388397,7.664659,481
4.473638,6.0900474,8.5347395,482
4.5939713,6.2997074,8.145902,483
4.5861406,6.2564945,8.249942,484
4.779685,6.2607093,8.362074,485
4.8394017,5.9805493,9.012732,486
4.880088,5.904662,9.167208,487
5.0772643,5.526842,9.716468,488
5.145998,5.3345037,9.866792,489
4.983322,4.976917,9.999189,490
4.758704,4.7062974,9.8555155,491
4.6119814,4.497294,9.596728,492
4.591618,4.478888,9.5616665,493
4.5769877,4.8981223,9.810681,494
4.656516,5.2322454,9.828081,495
4.886771,5.6403427,9.577141,496
4.9880915,5.769206,9.40818,497
4.7961555,5.7598853,9.3810215,498
4.850435,5.7690773,9.38615,499
4.917445,5.6956954,9.509192,500
5.134907,5.9740887,9.032951,501
5.119375,6.2877617,8.327419,502
5.0153856,6.0145407,8.97047,503
4.873566,5.7804494,9.374913,504
4.7999616,5.66374,9.519434,505
4.633475,5.747155,9.307419,506
4.349948,5.7798476,8.96927,507
4.4645486,5.878634,8.941294,508
4.47962,5.914864,8.892228,509
4.44102,6.2240973,8.189127,510
4.692489,6.467328,7.752385,511
4.6362185,6.514177,7.5749316,512
4.8420196,6.280735,8.33476,513
5.078472,6.3929467,8.053541,514
4.98295,6.190453,8.582531,515
4.9299073,6.314535,8.267084,516
4.9440227,6.241822,8.454745,517
5.099025,5.9894047,9.011272,518
5.0622106,5.804867,9.348319,519
4.9901414,5.795723,9.366728,520
4.8079867,5.6811075,9.499224,521
4.727066,5.698885,9.437067,522
4.6057835,5.9581466,8.926548,523
4.72264,6.1804585,8.529589,524
4.839814,6.4276047,7.936285,525
4.6856947,6.648133,7.1848707,526
4.660672,6.6883116,7.034461,527
4.5493765,6.988335,5.843462,528
4.7394156,6.8349404,6.565089,529
4.764926,6.55541,7.52544,530
4.8468513,6.356738,8.135807,531
5.135805,5.8075905,9.329354,532
5.3802533,5.212498,9.810252,533
5.437376,5.0728326,9.803397,534
5.4317265,5.2117395,9.768779,535
5.437825,5.552597,9.502946,536
5.628338,5.6151237,9.226814,537
5.5174785,5.8752384,8.966174,538
5.526639,5.986313,8.749838,539
5.4521,6.1925817,8.373355,540
5.352479,6.295785,8.1967,541
5.4457974,6.507707,7.528084,542
5.476451,6.6696434,6.9852858,543
5.2169,7.100634,5.540291,544
5.040429,7.25889,4.8957806,545
4.879808,7.4524617,3.9709854,546
5.2393146,7.241194,4.919779,547
5.17262,6.9458575,6.1838408,548
5.3750634,6.562567,7.4177113,549
5.53876,6.3890743,7.78021,550
5.626306,6.057994,8.48839,551
5.8193884,6.0256696,8.276605,552
5.630737,6.022974,8.555696,553
5.5272584,6.0557795,8.607328,554
5.5127025,6.060748,8.61195,555
5.4201508,6.2582297,8.240332,556
5.442469,6.380324,7.8989267,557
5.429492,6.3366137,8.029,558
5.1757717,6.6469345,7.256711,559
4.9589086,6.920561,6.3097577,560
4.7265525,7.0624256,5.671627,561
4.509448,6.873371,6.24984,562
4.570403,6.712177,6.8838973,563
4.6879654,6.618882,7.2818546,564
4.8137913,6.492075,7.7390385,565
4.891804,6.339134,8.195013,566
5.2369266,6.1026382,8.728055,567
5.5925426,6.0184116,8.611731,568
6.1385736,5.8525395,7.976826,569
6.289325,5.9245396,7.4828672,570
6.5597816,5.992823,6.5813837,571
6.3073235,5.8748074,7.5256176,572
6.1713643,6.143121,7.3211803,573
5.7972546,5.943434,8.474318,574
5.487791,5.9536357,8.852639,575
5.2111917,5.9585977,9.036489,576
5.2440267,5.84578,9.225107,577
4.8133345,6.060625,8.840231,578
5.00309,5.657748,9.567358,579
4.7679806,5.6238346,9.556997,580
5.2727513,5.7417936,9.375349,581
5.3737154,6.0924187,8.666958,582
5.763109,6.3002806,7.7269344,583
6.0641165,6.444729,6.7804146,584
6.621509,6.6753864,4.5637884,585
6.393473,6.682276,5.228181,586
6.2487316,6.5617228,6.0016913,587
6.1209674,6.141432,7.4405656,588
6.2052307,6.1188307,7.295637,589
6.165518,6.2347174,7.117041,590
5.9864054,5.7894735,8.403736,591
6.01706,5.6973863,8.479242,592
5.9270077,5.595097,8.786516,593
5.804003,5.9108105,8.524004,594
5.7304473,5.9768777,8.5121565,595
5.3523355,6.224554,8.3763275,596
5.0509257,6.11897,8.745313,597
5.1518655,6.2254715,8.475157,598
5.045436,6.517286,7.6957793,599
4.962241,6.623413,7.363104,600
5.000702,6.5462947,7.6089725,601
5.524579,6.703732,6.822114,602
5.3319435,6.6886387,7.038313,603
5.695265,6.5603614,7.081879,604
5.77625,6.675337,6.5906825,605
5.7570486,6.5152187,7.1309896,606
5.716668,6.3947105,7.541169,607
5.685739,6.1039,8.311167,608
5.855562,5.7392735,8.721488,609
5.5931473,5.756316,9.076162,610
5.358601,5.681646,9.406764,611
5.2638826,5.485,9.695141,612
5.3114724,5.6128426,9.527409,613
5.341859,5.9166093,9.04296,614
5.6509,6.265054,7.9759674,615
5.960081,6.6469994,6.3656373,616
5.8530755,6.8062124,6.009859,617
6.0409346,7.0103807,4.8748245,618
6.1927505,7.164055,3.8942127,619
6.132426,6.9941783,4.7408648,620
6.106061,6.8984547,5.172499,621
6.1335573,6.687175,5.8684893,622
6.060047,6.686413,6.032312,623
6.0831733,6.6072536,6.2434716,624
6.1015916,6.6565332,6.0423937,625
5.655399,6.526906,7.239011,626
5.490408,6.3710475,7.879729,627
5.4235067,6.3189435,8.08103,628
5.235863,6.128949,8.669843,629
5.285835,6.009163,8.899889,630
5.500268,6.119406,8.496662,631
5.795512,5.692133,8.888112,632
5.9717407,5.774078,8.456524,633
6.234861,6.013607,7.4477196,634
6.1871552,6.257905,7.0083375,635
5.7991605,6.420071,7.3447404,636
5.6308227,6.721783,6.6375256,637
5.5729027,6.335406,7.8884735,638
5.4479465,6.0936856,8.603195,639
5.595408,5.986352,8.672599,640
5.743204,5.928075,8.586325,641
5.8650594,5.644005,8.83693,642
6.0549555,5.8148327,8.223117,643
6.2018023,5.7849855,7.9394693,644
6.051166,5.77798,8.289797,645
6.2052755,5.881048,7.7710648,646
6.1053553,5.907223,7.955136,647
6.171754,5.7321663,8.090925,648
5.9592924,5.579568,8.743859,649
5.6224484,5.495115,9.367419,650
5.022282,5.342824,9.881975,651
4.6737537,5.3695245,9.757015,652
4.669408,5.08601,9.883311,653
4.9814305,5.3446555,9.880868,654
5.447808,5.559903,9.485977,655
5.3256507,5.944485,9.0019,656
5.194831,5.8908725,9.168387,657
4.966146,5.980508,9.037458,658
5.149262,6.1580057,8.636744,659
5.0026236,5.9943843,9.011193,660
5.3122587,6.1729383,8.5267105,661
5.237267,6.257009,8.363632,662
5.5449,6.45123,7.5970154,663
5.3996444,6.304721,8.137988,664
5.125322,6.2969875,8.302117,665
5.191362,6.3539095,8.13031,666
5.1360664,6.6903334,7.124259,667
4.896236,6.520701,7.6767015,668
5.1196103,6.2207055,8.495571,669
5.144722,6.099761,8.769581,670
5.3119903,6.130466,8.624708,671
5.5620313,6.253183,8.113653,672
5.8017693,6.415026,7.354867,673
5.9742985,6.15446,7.7179646,674
5.921865,5.8318634,8.458168,675
5.935565,6.1513257,7.799167,676
5.9243083,6.5880194,6.623849,677
5.9352255,6.703748,6.222595,678
6.2433743,6.7964993,5.2266107,679
5.904577,6.6728764,6.3832254,680
5.5542297,6.8493814,6.2726173,681
5.791517,7.1097813,4.922324,682
5.858426,7.023691,5.1677785,683
5.942822,6.7891273,5.91011,684
5.677597,6.726617,6.5596566,685
5.634978,6.6822867,6.7667146,686
5.689207,6.558893,7.094846,687
5.755003,6.3720884,7.5473437,688
5.6380806,6.2864046,7.9380164,689
5.7138658,6.434767,7.43184,690
5.9699154,6.5927362,6.522455,691
5.7143784,6.223702,7.992217,692
5.574672,6.49905,7.4226007,693
5.7169724,6.7145176,6.54638,694
5.4053497,7.04317,5.661148,695
5.388835,6.9467406,6.0590086,696
5.2859335,6.792273,6.7059994,697
5.4104013,6.73059,6.8366294,698
5.5887775,6.6045218,7.0788507,699
5.6659007,6.448309,7.4589777,700
5.7472663,6.7285204,6.4538107,701
5.4015627,6.9647875,5.9783573,702
5.1859264,7.0378547,5.8125796,703
5.56913,6.9215703,5.983659,704
5.527926,6.9675446,5.8500624,705
5.474468,6.6047907,7.199527,706
5.588758,6.318937,7.9137697,707
5.53121,6.089831,8.530085,708
5.6918755,6.0705037,8.37533,709
5.614209,6.303213,7.9243827,710
5.7971506,6.5466695,6.9723644,711
5.939207,6.5030723,6.8586636,712
6.3444624,6.537758,5.8277216,713
6.6220374,6.552395,4.959065,714
6.330756,6.2902517,6.5643387,715
6.2104588,5.8125134,7.874612,716
6.5729494,6.083155,6.3526053,717
6.1593394,6.1588073,7.313098,718
6.119173,5.7646327,8.162788,719
5.7852325,5.8409414,8.676228,720
5.4338975,6.2277975,8.304246,721
5.6007595,6.3426485,7.836383,722
5.3906226,6.4379926,7.7795916,723
5.455222,6.9906597,5.8300467,724
6.0593567,6.855283,5.435689,725
6.157053,6.8408732,5.272414,726
6.22359,6.974828,4.602883,727
6.0612297,6.635846,6.1977987,728
6.0279794,6.476877,6.762092,729
6.483959,6.2310476,6.282387,730
6.147891,6.3403935,6.885691,731
6.036525,6.440634,6.8501906,732
5.8286667,6.640489,6.622107,733
5.497512,6.807894,6.484,734
5.408083,7.0317564,5.7054343,735
5.4763694,7.048654,5.576089,736
5.520935,6.787002,6.53525,737
5.71055,6.946375,5.7067437,738
5.682922,6.9613194,5.686844,739
5.7858295,6.865625,5.9019156,740
5.8133726,6.65784,6.5899925,741
5.887521,6.3186145,7.4735627,742
5.758975,6.282569,7.7789736,743
5.803088,5.9950056,8.365013,744
5.8937926,6.044614,8.109917,745
5.921886,5.926604,8.291532,746
5.770336,6.058233,8.286726,747
5.6616297,6.2736053,7.9401755,748
5.631337,6.4182544,7.5899677,749
5.4221287,6.490937,7.5989137,750
5.50616,6.7600393,6.646064,751
5.5193095,6.8171635,6.4282346,752
5.5353622,7.113495,5.2465267,753
5.6487794,7.035641,5.4352503,754
5.9954934,6.7181053,6.057107,755
6.239477,6.433659,6.408318,756
6.6021204,6.249276,5.8725195,757
6.9479904,5.8497453,5.4832664,758
6.798136,5.6494646,6.344902,759
6.8471723,5.424012,6.4081683,760
6.8901515,5.241149,6.3691745,761
6.723373,5.295021,6.9429483,762
6.7741957,5.6949067,6.369334,763
6.7135572,5.5583687,6.751946,764
6.5493627,5.4780865,7.3709087,765
6.365555,5.0943317,8.126362,766
5.7479787,4.8811116,9.4263935,767
5.5598755,5.0882654,9.678749,768
5.7252555,5.2005167,9.433798,769
5.5838375,5.162797,9.632631,770
5.8748703,5.3552346,9.10841,771
5.9349556,5.117328,9.112092,772
6.01167,5.138101,8.957452,773
5.7903214,5.2405014,9.317552,774
5.775526,5.3547597,9.272705,775
6.0309916,5.7536087,8.36913,776
6.4445376,5.992976,6.927309,777
6.468133,6.2544155,6.2710276,778
6.2690945,6.3092227,6.675335,779
6.2764273,6.3686776,6.497455,780
6.675894,6.578933,4.6983514,781
6.372635,6.167386,6.753083,782
6.279468,6.2594566,6.7767305,783
6.0156364,5.940447,8.084043,784
6.107752,5.962242,7.846976,785
6.1822753,6.1054497,7.380206,786
5.884376,5.874018,8.453971,787
5.6309314,5.6248617,9.211473,788
5.4259157,5.8429165,9.108088,789
5.4469357,5.7604594,9.22195,790
5.4457517,5.9129963,8.967743,791
5.215395,5.9856834,8.982033,792
5.4180193,6.0137725,8.797525,793
5.1975603,6.0038786,8.9531975,794
5.235925,6.398778,7.9877596,795
5.361326,6.5112696,7.5855074,796
5.8139367,6.5918703,6.803456,797
5.943949,6.6712418,6.315911,798
5.9314437,6.6957207,6.256944,799
5.691685,6.6347117,6.849289,800
5.111771,6.5562096,7.5657187,801
5.252204,6.1550803,8.602182,802
5.8145456,5.8029265,8.691824,803
5.86261,5.5012465,9.004656,804
5.5112677,5.4900284,9.498478,805
5.8582907,5.7758355,8.661416,806
5.7743306,6.1069784,8.175011,807
5.7575474,6.369431,7.550781,808
5.8767185,6.1890035,7.8176355,809
5.8486915,6.086838,8.098507,810
5.9443655,5.839865,8.402801,811
5.8753433,5.9792337,8.274876,812
5.8353977,5.980548,8.340636,813
5.7634234,6.0594397,8.294772,814
5.7366185,6.3047433,7.7550383,815
6.085945,6.561451,6.382594,816
5.999556,6.7854877,5.8129215,817
5.947462,6.8566246,5.6552606,818
5.84694,6.550691,6.8780494,819
6.108024,6.3792796,6.86987,820
6.0777574,6.156788,7.500281,821
5.882534,6.222689,7.726165,822
5.9905767,6.0649686,7.8845997,823
6.077425,6.1890287,7.425366,824
5.5555816,6.0856867,8.512613,825
5.939626,5.78354,8.503168,826
6.113978,5.9294295,7.895214,827
6.0520053,6.0433345,7.804738,828
6.0074673,6.3442745,7.1779356,829
6.0595036,6.316532,7.1441956,830
5.680314,6.7245216,6.563198,831
5.9750943,6.7607374,5.9489946,832
5.571395,7.175884,4.9390373,833
5.942071,6.944554,5.3312125,834
5.7198334,6.7013655,6.5871954,835
5.7253175,6.5053368,7.207876,836
5.8118496,6.473339,7.170172,837
5.896467,6.5081687,6.921774,838
5.6857705,6.3580317,7.6854687,839
5.5810475,6.4794044,7.4737463,840
5.278449,6.253772,8.350523,841
5.319168,6.436815,7.833695,842
5.560687,6.171277,8.31374,843
5.4859204,6.14009,8.464076,844
5.607881,6.022782,8.584398,845
5.928183,5.733985,8.599742,846
5.824255,6.069567,8.17663,847
6.071971,6.0411863,7.7668095,848
6.107121,6.0348635,7.7033405,849
6.1181164,5.9468327,7.853324,850
6.2487574,6.0252695,7.389427,851
6.3989472,6.080479,6.875511,852
6.315529,6.3051963,6.5658464,853
6.049491,6.367157,7.0294504,854
5.8797364,6.4288588,7.1844263,855
5.7850103,6.4153247,7.3806148,856
6.0557103,6.365089,7.022008,857
6.3823814,6.2759805,6.4608955,858
6.4448137,6.229989,6.39964,859
6.4831343,6.3184557,6.0619874,860
6.5090704,6.2481728,6.164771,861
6.5192566,6.355965,5.853218,862
6.0802503,6.487317,6.620947,863
6.085927,6.332472,7.0452814,864
6.227861,6.458879,6.36403,865
5.979152,6.5896487,6.514278,866
6.0426245,6.472778,6.74386,867
5.983013,6.202236,7.588313,868
6.211264,5.772352,7.9363112,869
6.3191814,5.658701,7.8258734,870
6.381318,5.9127812,7.258791,871
6.1530375,5.583136,8.330457,872
6.149432,5.445481,8.480352,873
6.3347397,5.212545,8.173295,874
5.644451,5.411384,9.415446,875
5.7803006,5.4682865,9.171839,876
5.8021326,5.666728,8.912057,877
5.670777,5.7691517,8.958464,878
5.4860716,5.9638696,8.83469,879
5.234726,6.2553854,8.368912,880
5.3895855,6.3050413,8.14509,881
4.989922,6.711778,7.069714,882
4.918804,6.8417377,6.6014094,883
5.255415,6.843681,6.535604,884
4.937976,6.7952833,6.773111,885
4.8493853,6.7107763,7.0505595,886
4.861721,6.658205,7.2312346,887
5.259693,6.6366835,7.2538266,888
5.1162143,6.6258526,7.3430977,889
4.647385,6.881036,6.337367,890
4.8410335,6.5586452,7.545355,891
4.8121486,6.319673,8.223175,892
4.741315,6.0495753,8.831473,893
4.907509,5.8973913,9.186134,894
4.842923,5.6082497,9.605359,895
5.1333904,5.5863924,9.638351,896
5.342131,5.5568075,9.572911,897
5.49374,5.525882,9.47967,898
5.52943,5.682585,9.253782,899
5.5597997,5.7574134,9.112949,900
5.403549,5.876151,9.069508,901
5.370451,6.350149,8.039864,902
5.483882,6.170102,8.396719,903
5.417008,6.454318,7.7110634,904
5.2031894,6.1531873,8.628873,905
5.265179,6.406989,7.950062,906
5.213647,6.14249,8.649072,907
5.4247146,5.982187,8.854927,908
5.85528,5.799139,8.629873,909
5.8079386,5.8019543,8.704104,910
5.7820134,5.692483,8.908922,911
5.8082223,5.6171966,8.965845,912
5.7885575,6.179183,7.9877043,913
5.998778,6.131276,7.722657,914
5.856413,6.1050563,8.045407,915
5.822003,6.014451,8.2952,916
5.949488,6.0468597,8.002557,917
5.6728816,6.30786,7.836733,918
5.662312,6.5341635,7.2076855,919
5.601077,6.450717,7.5341268,920
5.398416,6.338656,8.049265,921
5.415752,6.7934856,6.6105595,922
5.491901,6.9010763,6.1439424,923
5.6780176,6.752563,6.468815,924
5.757516,6.5012627,7.17238,925
5.724087,6.5949745,6.931754,926
5.937741,6.294498,7.444917,927
5.9426637,6.0494237,8.010096,928
5.9537883,5.9694076,8.150537,929
6.1966796,5.822661,7.8911867,930
6.442992,5.8960924,7.114792,931
6.5910215,5.6051583,7.102434,932
6.505577,5.60985,7.3613205,933
6.212714,5.968871,7.5906134,934
6.0558796,6.042209,7.7989182,935
6.0234957,6.166734,7.591188,936
5.8284183,6.204158,7.863727,937
5.647994,6.193621,8.155373,938
5.5806513,6.830963,6.310418,939
5.74069,6.9551954,5.6285887,940
5.534518,6.974955,5.8138433,941
5.535074,7.1935825,4.901891,942
5.7317305,7.1331735,4.9141417,943
6.1100054,7.0311556,4.642295,944
5.535413,6.87169,6.2101107,945
5.604267,6.364255,7.7736697,946
5.3404546,6.3733077,7.9981165,947
5.0806065,6.4640093,7.8501797,948
5.1434255,6.6098986,7.3876557,949
5.407391,6.5595264,7.40191,950
5.825756,6.503974,7.0561895,951
5.963869,6.297056,7.3886013,952
5.824891,6.3050594,7.6163745,953
5.880594,6.382002,7.3146257,954
6.017193,6.54252,6.585951,955
5.9631453,6.48689,6.86151,956
6.1819715,6.2842107,6.9537463,957
6.26924,6.3269324,6.6282806,958
6.7573833,6.339823,5.116479,959
6.3953342,5.946086,7.1579638,960
5.9395833,6.1781287,7.729196,961
5.839346,6.1057196,8.072883,962
5.672471,6.096515,8.345437,963
5.3249273,5.726325,9.366874,964
5.3023977,5.591378,9.558827,965
5.7559733,5.6409893,9.017637,966
5.8729086,5.7010794,8.746518,967
6.100271,5.815478,8.124399,968
6.034629,5.753232,8.362185,969
6.2173567,5.8448095,7.8043394,970
5.856696,5.814385,8.602849,971
5.8441854,5.9596972,8.366332,972
5.929809,5.750142,8.572742,973
6.149143,5.817791,8.010688,974
6.034448,5.969519,7.9899497,975
6.145234,5.7065988,8.1891575,976
6.052385,5.91055,8.063385,977
5.8994193,5.743104,8.638842,978
5.934845,5.937526,8.247109,979
5.8843584,5.6679635,8.771735,980
6.0672493,5.611324,8.487262,981
6.0687065,5.8528748,8.130471,982
6.1302924,5.774044,8.123295,983
6.317783,5.828133,7.577644,984
6.085093,5.9008355,8.011068,985
5.304474,5.8322997,9.214573,986
4.773649,5.875881,9.181598,987
5.402098,5.873399,9.075492,988
5.2606497,6.0919275,8.739756,989
5.009632,5.9126444,9.166987,990
4.9074636,5.7323294,9.455131,991
5.141814,5.321245,9.87669,992
5.518172,5.1779594,9.699828,993
5.2495613,4.851734,9.915736,994
5.6988363,4.8881063,9.499107,995
5.57761,5.0189104,9.666009,996
5.53279,5.23161,9.662492,997
5.1678953,5.313983,9.873226,998
5.574192,5.493352,9.426908,999
5.341899,5.687811,9.410021,1000
5.3581104,5.60268,9.5085335,1001
5.118647,5.817955,9.316873,1002
5.7693577,6.320439,7.66453,1003
5.9415264,6.1712904,7.7416067,1004
6.136508,6.0040164,7.7003007,1005
5.996663,5.932601,8.136918,1006
6.080356,5.714044,8.322971,1007
6.0557976,5.7178936,8.369921,1008
6.021192,5.708519,8.455168,1009
5.8679924,5.6832924,8.779701,1010
6.051123,5.6844482,8.426671,1011
5.9307837,5.7380157,8.588974,1012
5.6722565,5.886376,8.762409,1013
5.9501276,6.070137,7.9520645,1014
5.5531693,6.2466807,8.1397915,1015
5.475101,6.284373,8.124665,1016
5.413021,6.7184486,6.876348,1017
5.521796,6.61361,7.123992,1018
5.474754,7.072745,5.4783373,1019
5.1345706,6.9664507,6.1149626,1020
4.620813,6.7011147,6.962426,1021
5.2907896,6.3751655,8.024362,1022
5.131597,6.192696,8.560158,1023
5.2714243,5.723158,9.403372,1024
5.61685,5.9782248,8.662573,1025
5.411744,6.132744,8.5473585,1026
5.300125,5.785234,9.293332,1027
5.6485214,4.8565764,9.558849,1028
5.543177,5.9740963,8.756095,1029
4.973258,6.6170697,7.384371,1030
5.0929255,6.8265224,6.655181,1031
4.819379,6.7134614,7.031426,1032
4.711389,6.7017083,7.0208926,1033
4.596557,6.5526433,7.4265327,1034
4.6478434,6.874647,6.361684,1035
4.8383355,6.5439267,7.5901546,1036
4.7360373,6.43254,7.878153,1037
5.1984644,6.2327285,8.440992,1038
5.2220387,6.277582,8.318482,1039
5.3073072,6.477825,7.721595,1040
5.314108,6.4286423,7.860317,1041
5.3361344,6.338387,8.095734,1042
4.6693134,6.532002,7.5436163,1043
4.5695314,6.705447,6.906147,1044
4.061,6.7553144,6.0371504,1045
4.274418,6.603592,6.9020233,1046
4.1207204,6.435986,7.1648116,1047
4.5878973,6.437519,7.76371,1048
4.6939974,6.1629004,8.554025,1049
4.5842347,6.1066027,8.60257,1050
4.4454427,5.855212,8.961079,1051
4.5974593,5.840805,9.131008,1052
4.960756,5.848649,9.2782545,1053
4.7343917,6.002138,8.925171,1054
4.7444315,6.189661,8.519391,1055
4.838758,6.0913076,8.783049,1056
5.5502205,6.0460386,8.603061,1057
5.370845,6.2714415,8.245911,1058
5.319097,6.2410455,8.357983,1059
5.5507107,6.27435,8.072749,1060
5.7913666,6.2478523,7.8166037,1061
5.8037434,6.2154493,7.8766794,1062
6.242634,6.1108875,7.2217903,1063
6.2806945,6.393974,6.4166584,1064
6.2650723,6.6161222,5.7877407,1065
5.999344,6.6868725,6.155773,1066
5.8813906,6.3097997,7.5075755,1067
5.8114614,6.309266,7.6273527,1068
5.8087873,6.125661,8.078751,1069
5.993187,6.2284923,7.5043864,1070
5.8972645,6.0271764,8.139825,1071
5.757107,6.144868,8.116067,1072
6.0576057,6.3106127,7.1637645,1073
6.1151285,6.848851,5.338238,1074
6.164632,6.8162227,5.344968,1075
6.420383,6.7161713,5.0372686,1076
6.3429184,6.765492,5.079608,1077
6.185295,6.7755976,5.442329,1078
5.7376285,6.6512995,6.7291145,1079
5.6597285,6.734722,6.555497,1080
6.0140543,6.8436193,5.5727615,1081
5.8973403,6.477914,7.010551,1082
5.969184,5.9057407,8.240316,1083
5.7717695,6.058009,8.284988,1084
5.9852624,5.8371997,8.328355,1085
6.033499,5.7023196,8.438627,1086
5.791829,5.685138,8.903592,1087
5.6407576,5.73556,9.048382,1088
5.725938,5.933327,8.601914,1089
5.3390684,5.8894167,9.09397,1090
5.3045454,5.958665,8.988214,1091
5.0340185,6.2312202,8.48294,1092
5.250369,6.311419,8.217496,1093
5.4447627,6.6787434,6.984007,1094
5.3347135,6.7616262,6.78464,1095
5.3844767,6.9121194,6.195977,1096
5.1433606,6.863289,6.5076027,1097
5.271879,6.8510346,6.4997525,1098
5.807086,6.681389,6.5215435,1099
5.645101,6.636641,6.9052505,1100
5.942936,6.3824463,7.199714,1101
5.755455,6.240227,7.8911242,1102
5.730572,5.9966354,8.472982,1103
6.1323624,5.9983163,7.72112,1104
6.1113396,5.8805256,7.989599,1105
6.1338625,6.1158867,7.4691525,1106
5.8548207,6.018143,8.232666,1107
6.5110207,5.980316,6.755797,1108
6.552608,5.910055,6.761208,1109
6.6005797,5.7837706,6.8238482,1110
6.7000346,5.9083867,6.2847157,1111
6.82359,5.962311,5.748478,1112
6.766066,5.9765787,5.9273047,1113
6.806896,6.230764,5.2203465,1114
6.5416756,6.4445167,5.5366077,1115
6.639539,6.506586,5.042111,1116
6.2293286,6.692207,5.625187,1117
6.2099733,6.8048487,5.278486,1118
6.164281,6.8908625,5.069089,1119
5.852191,6.92538,5.566682,1120
5.731763,6.788515,6.2657366,1121
5.6572733,6.519659,7.258628,1122
5.655466,6.096613,8.367805,1123
5.5967274,5.9223914,8.793111,1124
5.8572826,5.9329424,8.394685,1125
5.9378223,6.118417,7.869633,1126
5.963478,6.132324,7.7895517,1127
6.011153,5.9901247,7.9972224,1128
6.0294647,6.2128296,7.469247,1129
5.9617376,6.3267717,7.3147373,1130
5.741896,6.464648,7.304397,1131
5.5738363,6.5108767,7.387964,1132
5.6592236,6.6097765,6.974044,1133
5.2662582,6.5776353,7.440173,1134
5.152085,6.5681667,7.517723,1135
4.703205,6.2072296,8.45451,1136
5.2351303,5.9845734,8.975329,1137
5.185836,6.0658593,8.829409,1138
5.0553184,6.030305,8.935411,1139
5.656462,5.8677955,8.815989,1140
6.062782,5.846338,8.154207,1141
6.5982127,5.6907434,6.96859,1142
6.904065,5.706916,5.874806,1143
6.718973,5.739866,6.49773,1144
5.8186617,5.8564196,8.596338,1145
5.8203144,5.879258,8.553989,1146
6.0610094,6.1133475,7.634716,1147
6.1619596,5.982445,7.6846523,1148
6.045687,5.8684855,8.152271,1149
6.383912,5.910046,7.2566032,1150
6.18733,5.7381434,8.045392,1151
6.056856,5.653265,8.4563,1152
6.286366,5.641217,7.934103,1153
6.064849,5.517083,8.5987215,1154
6.1364183,5.815459,8.04358,1155
6.1990347,5.6659675,8.118803,1156
6.118734,5.338719,8.633704,1157
5.8954763,5.4307027,9.012617,1158
6.073016,5.437725,8.657033,1159
5.9490547,5.4679956,8.880276,1160
5.8341713,6.102416,8.088837,1161
6.0329647,5.8246617,8.252917,1162
5.6267686,6.2879496,7.948347,1163
6.0578804,6.5696373,6.4171276,1164
5.8064075,6.5158625,7.051868,1165
5.6309147,6.358106,7.7574944,1166
5.61164,6.094207,8.428608,1167
5.528428,6.0110254,8.698591,1168
5.703011,5.6992965,9.01676,1169
5.591626,5.5129,9.386912,1170
5.56672,5.584134,9.337616,1171
5.811079,5.193694,9.304633,1172
5.4459624,5.532939,9.517094,1173
5.4836626,5.6766944,9.308155,1174
5.5346675,6.2767215,8.084113,1175
6.002905,6.0618696,7.866615,1176
6.238778,6.446067,6.3743196,1177
6.147122,6.610304,6.091033,1178
5.8125134,6.7836637,6.1583657,1179
6.326867,6.3921165,6.301435,1180
6.257765,6.57525,5.9366145,1181
6.449278,6.4470196,5.805728,1182
6.2781706,6.6222315,5.734645,1183
6.5759606,6.7832165,4.336487,1184
6.0533338,6.6203146,6.2650685,1185
5.7915473,6.740202,6.34515,1186
5.734562,6.8018274,6.2138367,1187
6.0869546,6.41118,6.8271008,1188
5.7486877,6.597225,6.888338,1189
5.7680454,6.540288,7.037619,1190
5.518605,6.3292933,7.9640284,1191
5.2713184,6.6007037,7.364134,1192
5.6697464,6.365197,7.6876764,1193
6.2788863,6.3970633,6.412664,1194
6.708109,6.295531,5.403964,1195
6.602657,5.701334,6.939622,1196
6.4633293,5.4255843,7.6775455,1197
6.361584,5.8163695,7.4796295,1198
6.5141153,6.092956,6.512902,1199
6.521564,6.1564994,6.347352,1200
6.716351,5.905943,6.2334065,1201
6.7340064,6.1194305,5.740097,1202
6.5849776,6.278322,5.8537383,1203
6.411165,6.087223,6.8265586,1204
6.1807876,6.0504823,7.502228,1205
5.8409424,6.1120124,8.056244,1206
6.028361,6.437928,6.8748364,1207
5.760615,6.162889,8.069155,1208
5.57908,5.7064686,9.165568,1209
5.3698673,5.7716517,9.267752,1210
4.57546,5.43182,9.633297,1211
5.2179604,5.4885178,9.713843,1212
5.458907,5.709568,9.285917,1213
6.173425,6.0325136,7.5569887,1214
6.1004324,5.8543324,8.059165,1215
6.117922,6.333576,6.9718256,1216
5.7032514,6.0235667,8.457748,1217
5.634241,5.5014677,9.346269,1218
5.987187,5.2713513,8.951831,1219
5.5283813,5.0975566,9.711296,1220
5.3216863,5.2453175,9.836337,1221
5.5415573,5.1359673,9.688229,1222
5.44345,5.5078845,9.545405,1223
5.037679,5.7000427,9.50852,1224
5.0974197,5.832818,9.296924,1225
5.5736313,6.007967,8.654949,1226
5.679907,5.87337,8.774951,1227
5.8522315,4.918504,9.26706,1228
5.9353023,5.0066752,9.125165,1229
6.1191626,5.0529747,8.744669,1230
5.870064,4.91162,9.235178,1231
5.7645583,5.0230007,9.414922,1232
5.5533323,4.240976,9.117705,1233
5.6003914,5.150065,9.617011,1234
5.067038,5.627671,9.601536,1235
5.055809,5.682931,9.530491,1236
5.4190254,5.7246246,9.299336,1237
6.088149,5.9506474,7.912201,1238
5.5902696,5.883541,8.870937,1239
6.456625,5.7011147,7.386682,1240
6.6011767,5.5905457,7.087489,1241
6.5289383,6.075941,6.5046988,1242
6.628171,5.96531,6.417236,1243
6.504652,5.5926805,7.3847523,1244
6.0810986,5.545554,8.533596,1245
5.997444,5.7881527,8.383921,1246
5.7381587,6.025035,8.404425,1247
5.668684,6.4629316,7.412693,1248
5.025755,6.487012,7.788132,1249
5.073407,6.6231403,7.360027,1250
5.2886086,6.5733905,7.441148,1251
5.345316,6.442328,7.8004465,1252
5.2179694,5.97993,8.992227,1253
5.402301,6.041923,8.75255,1254
5.3458805,5.1238766,9.865022,1255
5.381584,4.963368,9.853051,1256
5.6656914,5.467701,9.338111,1257
5.6372075,5.312981,9.49601,1258
5.8325377,5.5783024,8.972447,1259
5.6698556,6.206022,8.096805,1260
5.4710293,6.217868,8.2949295,1261
5.6668787,5.85634,8.821955,1262
5.3874893,5.8471246,9.132232,1263
5.3794837,5.797656,9.219737,1264
5.478857,6.0163927,8.737642,1265
5.4033494,6.400254,7.8765984,1266
6.101755,6.5505276,6.382,1267
6.2854357,6.375696,6.4551153,1268
6.341423,6.5102096,5.9198513,1269
6.48468,6.4547215,5.67951,1270
6.4425983,6.2663536,6.3152585,1271
6.5719156,5.9894695,6.5500317,1272
6.7927876,5.9114413,5.9551873,1273
6.5943613,5.895179,6.6566668,1274
6.708811,5.8552356,6.3485374,1275
6.3710475,5.8440123,7.407872,1276
6.1120863,6.317663,7.0270276,1277
5.916979,6.250711,7.594872,1278
6.0665216,5.9760547,7.9098487,1279
6.075027,5.758713,8.268672,1280
5.78445,5.3669,9.250023,1281
5.902215,5.517282,8.918427,1282
5.77365,5.554003,9.094546,1283
5.8668876,5.604527,8.883053,1284
5.7403035,5.7647285,8.867141,1285
5.645503,5.5497785,9.28107,1286
5.712226,5.550066,9.190162,1287
5.609793,5.5835733,9.287595,1288
5.5830355,5.7734566,9.061834,1289
5.333228,5.941288,9.002936,1290
5.14937,5.665305,9.535058,1291
4.83818,5.565934,9.653533,1292
4.8260345,6.0145955,8.940332,1293
4.634251,6.561697,7.42733,1294
4.4853754,6.5499315,7.332874,1295
4.993701,6.414587,7.998904,1296
5.084342,6.1696014,8.624919,1297
5.43415,6.133492,8.52671,1298
5.288084,6.190996,8.498535,1299
5.489835,6.24672,8.205751,1300
5.810358,5.901329,8.530926,1301
6.4270945,5.5265064,7.6861925,1302
6.370431,6.0048895,7.112116,1303
6.4600067,5.9229593,7.016526,1304
6.012968,5.8512335,8.249297,1305
5.9826417,6.6202755,6.4091225,1306
5.4582233,6.429984,7.7451773,1307
5.2989607,6.5462093,7.5198593,1308
5.03324,6.0812874,8.829713,1309
4.97304,6.096087,8.797867,1310
5.310757,5.925559,9.04677,1311
5.859757,5.6366916,8.855442,1312
5.996389,5.3591056,8.878252,1313
6.112544,5.2828474,8.682243,1314
6.2641916,4.987574,8.401665,1315
6.070218,5.048819,8.85225,1316
6.2593813,5.289492,8.330153,1317
6.1266046,5.4035187,8.567935,1318
6.090249,4.8390484,8.785452,1319
6.0242624,4.5101633,8.710947,1320
5.3628664,4.6173115,9.721877,1321
5.5899973,4.8114634,9.616357,1322
5.420799,5.128824,9.806333,1323
5.5293136,5.3432245,9.602024,1324
4.982254,5.3177686,9.898708,1325
5.350347,5.8386984,9.173841,1326
5.477687,5.9574943,8.8550205,1327
5.3644466,5.9157934,9.0285015,1328
5.5152106,5.766814,9.146554,1329
5.7249165,5.556688,9.164595,1330
5.9690943,5.46115,8.848197,1331
5.772313,5.409334,9.235978,1332
5.409013,5.389714,9.680832,1333
5.670333,5.789993,8.926565,1334
5.384004,5.50354,9.598989,1335
5.4529114,5.449519,9.592804,1336
6.333294,5.3008485,8.131818,1337
6.4042883,5.7445993,7.473546,1338
5.8485823,6.1606884,7.9327106,1339
6.1491485,6.2676306,7.072571,1340
5.674326,6.366982,7.676645,1341
5.913559,6.287288,7.508299,1342
5.726528,6.392459,7.533215,1343
5.710099,6.2512546,7.9301214,1344
5.998511,6.1389594,7.7057476,1345
5.686217,6.415221,7.5262556,1346
5.380575,6.239132,8.319715,1347
5.0039682,6.110709,8.76631,1348
3.9341655,6.102659,7.6481395,1349
3.2421005,6.0950036,5.7107563,1350
3.5652587,6.2942553,6.266421,1351
2.453523,6.297497,1.8319569,1352
4.435536,6.1461105,8.367811,1353
3.766781,6.06781,7.338953,1354
4.7859178,6.1621547,8.603565,1355
4.5477858,6.145286,8.483822,1356
4.8680015,5.8759665,9.215259,1357
5.3543158,5.5609283,9.55982,1358
5.5382676,5.214579,9.664224,1359
5.4823217,4.3203807,9.305483,1360
5.6299534,4.55886,9.408554,1361
5.5074763,5.1183996,9.728449,1362
5.6269546,5.433581,9.418936,1363
5.865675,5.3975763,9.09254,1364
5.8996468,5.398788,9.031604,1365
6.134469,4.4803762,8.442971,1366
5.526786,5.052479,9.719743,1367
5.1212816,4.932232,9.980699,1368
5.001044,5.093641,9.99123,1369
5.2547975,5.5697274,9.610489,1370
5.299898,5.60941,9.538681,1371
5.064349,5.427457,9.81314,1372
4.637344,4.41243,9.523242,1373
4.998812,5.401948,9.838436,1374
5.4590516,5.0204353,9.788854,1375
5.4340153,5.3113155,9.714713,1376
5.5622964,5.27152,9.6101,1377
5.6961107,5.5503073,9.212592,1378
5.9421988,5.9330606,8.241659,1379
5.84513,5.8842545,8.503849,1380
5.634504,5.7923293,8.969619,1381
5.6805825,5.9046335,8.718446,1382
6.154279,5.431203,8.481704,1383
6.3215504,5.956795,7.3380475,1384
6.1885014,6.0609894,7.4617662,1385
6.060708,5.8315315,8.183454,1386
6.161241,6.254054,7.0788674,1387
5.925831,6.1924243,7.7209616,1388
5.455005,5.754192,9.224165,1389
5.6401024,5.9808593,8.628184,1390
5.897382,5.7436347,8.641713,1391
5.8853936,6.134119,7.929852,1392
5.755227,5.6173067,9.048565,1393
5.615217,5.9629846,8.694168,1394
5.465093,5.5938816,9.430993,1395
5.638706,5.147877,9.570187,1396
5.573884,5.4456835,9.472023,1397
5.445681,5.5051093,9.546233,1398
5.9292345,5.648058,8.716544,1399
6.119878,5.7752986,8.144786,1400
5.7705827,5.8393383,8.701714,1401
5.7255077,5.29773,9.384995,1402
6.3168325,5.8547883,7.535289,1403
6.548379,5.1670904,7.574603,1404
6.0658836,5.4420853,8.668453,1405
5.710102,5.347767,9.374813,1406
5.7572145,5.268113,9.354741,1407
5.6597576,4.5537586,9.365588,1408
5.314103,4.671709,9.793564,1409
5.3270383,4.8512354,9.870915,1410
4.9071054,5.299916,9.901422,1411
5.2342997,5.076633,9.939231,1412
4.9380693,5.273273,9.921487,1413
4.969831,5.7083535,9.497325,1414
4.8625503,5.508351,9.722687,1415
5.2386565,5.375063,9.802371,1416
5.28421,5.5254035,9.643176,1417
5.8618526,5.5138106,8.993209,1418
6.046427,5.4767966,8.677656,1419
5.5196614,5.3383536,9.615469,1420
5.6395683,5.0177817,9.590636,1421
5.271871,4.758623,9.867824,1422
5.5601425,4.7890067,9.641722,1423
5.694299,4.8684535,9.500644,1424
6.1998916,5.0204496,8.559842,1425
6.1176634,5.3429694,8.633201,1426
6.5745854,5.4513984,7.3169203,1427
6.480695,5.715222,7.2960005,1428
6.591435,5.876412,6.699237,1429
6.532583,5.831265,6.960187,1430
6.3310695,6.1386604,6.9317064,1431
6.224272,5.973094,7.554247,1432
6.19353,6.083969,7.400497,1433
6.0925765,5.5019417,8.554331,1434
5.885081,5.455103,9.009513,1435
5.757759,5.725855,8.898935,1436
5.870575,5.375655,9.100983,1437
5.8423834,5.4046135,9.126678,1438
5.5040865,5.072692,9.740613,1439
5.461322,5.03625,9.785868,1440
5.287917,5.035122,9.91587,1441
5.0721216,5.2767496,9.918208,1442
4.9173517,4.7555537,9.933415,1443
4.956858,3.9316854,8.856843,1444
4.6310334,4.9267445,9.858498,1445
5.1166735,4.9908276,9.986303,1446
5.30408,5.101572,9.897219,1447
5.893664,5.3326855,9.090685,1448
5.4816318,5.4082117,9.601394,1449
5.587569,5.7153134,9.143089,1450
5.7411737,5.5376797,9.161562,1451
5.7886753,5.6379647,8.970992,1452
5.664157,5.8293,8.871157,1453
6.160298,6.000407,7.652894,1454
6.162283,6.074428,7.494703,1455
6.008951,5.8729057,8.220053,1456
6.2198534,5.741265,7.9624844,1457
6.2166767,5.811431,7.8612776,1458
6.087719,5.5670166,8.495359,1459
6.1175823,5.39415,8.595655,1460
6.1790867,5.171747,8.580257,1461
6.0740523,5.2572355,8.780241,1462
5.7136183,5.3662195,9.356632,1463
5.7994194,5.390114,9.20874,1464
5.7414217,5.4705267,9.228898,1465
5.714344,5.6551833,9.060448,1466
5.5320425,6.283182,8.0703745,1467
5.4293036,6.063041,8.685642,1468
5.625849,4.9149327,9.601077,1469
5.475753,5.3030787,9.681803,1470
5.740666,4.890942,9.43952,1471
5.600884,4.852696,9.61724,1472
5.6940565,4.922559,9.512288,1473
5.7955785,5.1845307,9.333003,1474
6.090243,5.172012,8.781782,1475
6.0867333,5.2531524,8.754925,1476
5.9052935,5.418813,9.005039,1477
6.043896,5.4012733,8.74926,1478
6.028825,5.4322762,8.754657,1479
6.7412004,5.547431,6.66854,1480
6.3267875,5.476741,8.012353,1481
6.1679654,5.614712,8.257986,1482
6.0476775,5.8184857,8.232452,1483
5.9236584,5.9098053,8.31911,1484
5.975234,5.8693337,8.293178,1485
5.9934835,5.8598237,8.273694,1486
6.1686916,6.1021194,7.4194927,1487
5.7738967,5.721855,8.880009,1488
6.31763,5.891047,7.469887,1489
6.0987463,5.507376,8.535326,1490
5.6539764,5.7390304,9.026149,1491
5.1439943,5.509527,9.719647,1492
5.0670667,5.1992507,9.955801,1493
4.7923303,5.2646923,9.886811,1494
5.131025,5.0307903,9.981884,1495
5.0862746,5.0576954,9.989228,1496
5.8752956,5.212457,9.18872,1497
5.502075,4.7057395,9.661331,1498
5.8336163,5.1943965,9.267294,1499
5.9678154,5.443137,8.866962,1500
6.259654,5.9137387,7.578353,1501
6.2112627,5.6101484,8.160562,1502
5.9855933,5.593922,8.675862,1503
6.083901,5.6444445,8.40985,1504
5.9837394,5.654855,8.603422,1505
5.5018663,5.860386,9.007866,1506
5.534718,5.7834554,9.100274,1507
5.2133794,5.572281,9.626964,1508
4.693636,4.6233835,9.764301,1509
4.544155,5.194644,9.754319,1510
4.9376063,5.7616687,9.415968,1511
5.2065964,5.6598234,9.521951,1512
4.942229,5.518051,9.728286,1513
5.0740676,5.075147,9.988867,1514
5.3829055,5.128593,9.836847,1515
5.741192,6.085115,8.27316,1516
5.4748335,6.192275,8.353013,1517
5.4395967,5.8450994,9.092562,1518
5.55942,5.8770647,8.917807,1519
5.4969006,4.9636955,9.751772,1520
5.3957124,4.0751605,8.988084,1521
5.486222,5.484247,9.529093,1522
5.3029737,5.645068,9.492094,1523
5.495511,5.318797,9.652837,1524
5.777052,5.17355,9.366071,1525
5.2421103,5.1252947,9.925684,1526
6.0217853,5.4232273,8.776834,1527
5.2600536,5.5114,9.670842,1528
5.334044,5.9844007,8.91937,1529
5.076249,5.8928103,9.197076,1530
5.76303,5.868215,8.663988,1531
5.673908,5.0388856,9.544335,1532
5.829917,5.7526283,8.744788,1533
5.699179,5.809517,8.855831,1534
5.594111,5.805576,8.998079,1535
5.4478674,5.5082064,9.5411415,1536
4.933502,5.214996,9.949355,1537
5.499964,5.613463,9.373699,1538
5.305359,5.650639,9.483425,1539
5.153623,5.881231,9.199832,1540
4.7176905,5.7947946,9.288603,1541
4.5708976,5.763106,9.233541,1542
4.5189166,5.899827,8.95887,1543
4.148714,6.078901,8.111285,1544
4.3430557,6.170557,8.19822,1545
4.8761597,6.379719,8.081039,1546
4.8069596,6.2182302,8.47865,1547
4.8281927,6.187468,8.560402,1548
4.6241674,6.2705426,8.244472,1549
5.182828,6.3715096,8.085535,1550
4.995834,5.6780386,9.540246,1551
5.36953,5.568402,9.540367,1552
5.330429,5.53942,9.599842,1553
5.5389357,5.633085,9.308752,1554
5.4791975,5.333499,9.659148,1555
5.503846,5.3636093,9.613927,1556
5.6593328,5.2877812,9.482462,1557
5.5973387,5.323191,9.538734,1558
5.319374,5.4739923,9.673331,1559
5.173753,5.1459684,9.9485035,1560
5.772396,5.385714,9.254629,1561
5.6373405,5.4928217,9.350924,1562
5.5803347,5.764866,9.078192,1563
5.3639655,5.900469,9.0566845,1564
5.2043395,5.9449124,9.065386,1565
5.115443,6.0806055,8.818965,1566
5.026524,6.3629007,8.141798,1567
5.3884335,6.225229,8.347934,1568
5.453934,6.164686,8.437449,1569
5.5128565,5.926379,8.878799,1570
5.5523825,5.840021,8.989238,1571
5.7153177,6.0485654,8.388831,1572
5.161467,5.644783,9.558184,1573
5.2156024,5.9158306,9.11477,1574
5.3363137,5.2919316,9.801669,1575
5.392525,5.6351037,9.442567,1576
5.3926935,5.9194,9.000495,1577
5.5032105,5.595352,9.392335,1578
5.416493,5.281905,9.747063,1579
5.48214,5.820148,9.094898,1580
5.8849564,5.626976,8.823753,1581
5.8468237,5.560453,8.968782,1582
5.994031,5.7375455,8.467929,1583
6.18952,5.4896145,8.34532,1584
6.040453,5.3163667,8.817369,1585
6.1189036,5.1629233,8.721511,1586
6.2284656,5.0487194,8.488499,1587
6.4282904,4.708782,7.875179,1588
6.8460793,4.6507463,6.4700127,1589
7.1202655,4.7261496,5.42948,1590
6.3944483,5.3185253,7.954056,1591
5.8087482,4.8888144,9.333564,1592
5.449952,3.9310875,8.654969,1593
5.361023,4.7453113,9.804796,1594
5.175275,5.13229,9.951778,1595
5.0965257,3.7669637,8.4703045,1596
5.151026,3.157263,6.5815115,1597
5.2912626,1.2625266,-4.053542,1598
5.4010334,2.1269586,1.5848055,1599
5.5527296,3.985143,8.664555,1600
5.2046375,4.926528,9.952725,1601
4.8148503,5.6607347,9.529149,1602
4.74387,6.2112455,8.467281,1603
4.8561816,5.965223,9.047661,1604
4.619385,6.272965,8.234693,1605
4.6032987,6.2923555,8.172445,1606
4.7301702,5.9625063,9.000773,1607
4.765901,5.464533,9.729407,1608
5.1394005,5.3743277,9.840446,1609
5.4661894,5.6169934,9.401987,1610
5.5282707,5.947748,8.822703,1611
5.729164,5.4957933,9.222508,1612
5.666885,5.022371,9.554764,1613
5.632354,5.9187436,8.756039,1614
5.6747437,6.1903315,8.127832,1615
5.510171,6.2358713,8.212348,1616
5.2319407,6.2226934,8.451224,1617
5.32553,5.949021,8.993389,1618
5.3316255,5.633625,9.4885435,1619
5.6711187,5.75626,8.977671,1620
5.923485,5.1648827,9.119989,1621
6.283184,5.6011515,7.992056,1622
6.2121286,5.97382,7.5824184,1623
6.036114,6.546484,6.5348544,1624
5.7527733,6.386564,7.510773,1625
5.567134,6.1456375,8.365873,1626
5.848016,6.496367,7.041755,1627
5.713768,6.3181458,7.753027,1628
5.5065084,6.3834147,7.8296127,1629
5.6191063,6.443059,7.5342884,1630
5.6706915,5.7993355,8.911236,1631
5.6506915,5.686827,9.104869,1632
5.323482,5.538523,9.605352,1633
5.428889,4.966799,9.814952,1634
5.5005846,5.073989,9.74394,1635
5.2015877,4.895407,9.948422,1636
5.052016,5.2690945,9.924883,1637
5.1105385,5.4034,9.825049,1638
5.01988,4.916826,9.992687,1639
4.836527,5.4905596,9.732628,1640
4.4851236,5.549923,9.4324875,1641
5.2779055,5.561953,9.606977,1642
5.5922794,5.7059183,9.150885,1643
5.275859,5.6658564,9.480537,1644
5.1762204,5.5148463,9.703879,1645
5.303956,5.8696313,9.151352,1646
5.78192,6.0011683,8.386263,1647
5.557371,5.8889294,8.899142,1648
5.663542,6.199402,8.121147,1649
5.690069,6.152112,8.196443,1650
5.50447,6.0245366,8.695835,1651
5.3156853,5.8893833,9.10934,1652
5.197427,6.230808,8.446135,1653
5.302161,6.3820553,7.998622,1654
5.314931,6.056306,8.785036,1655
4.9692683,5.7601,9.421304,1656
5.0347195,5.2774878,9.921795,1657
5.076037,5.419924,9.817883,1658
4.8074613,5.2901416,9.878747,1659
4.870199,5.442598,9.787259,1660
4.719992,5.495843,9.675735,1661
5.0516386,5.839339,9.292844,1662
5.2393093,5.9886417,8.965319,1663
5.0337496,6.140126,8.698973,1664
4.9261165,6.0247126,8.944506,1665
5.1681595,5.7661586,9.384724,1666
5.190115,5.747187,9.405567,1667
5.0620723,5.995302,9.005521,1668
5.4388137,5.8153563,9.142636,1669
4.9368386,5.403055,9.833557,1670
5.075144,5.537467,9.7054825,1671
5.0939465,5.5886817,9.644628,1672
5.346294,5.8279805,9.194529,1673
5.116564,5.2014155,9.945845,1674
5.2157683,5.0117435,9.953306,1675
5.2236776,5.2778416,9.872772,1676
5.337762,5.7920656,9.258549,1677
5.620226,6.0582757,8.495373,1678
5.9661894,6.1138206,7.825882,1679
5.958896,5.4572153,8.871472,1680
6.147315,5.662716,8.244476,1681
5.414876,5.348459,9.706454,1682
5.8057637,5.47426,9.125822,1683
5.648612,5.034961,9.57808,1684
5.3481746,3.9453006,8.766384,1685
5.3634953,4.3396564,9.431817,1686
5.559004,4.7503457,9.625188,1687
5.797913,5.0354905,9.362075,1688
6.415083,5.017493,7.9972343,1689
6.1607084,4.8923736,8.641172,1690
5.8256,4.9575567,9.316583,1691
5.818116,5.0629406,9.326724,1692
5.519085,4.769833,9.677574,1693
5.7539196,4.7700305,9.378719,1694
6.1527653,4.9252744,8.665548,1695
6.210213,4.513792,8.2989855,1696
6.3910728,4.973136,8.064195,1697
6.821212,4.6968946,6.5913143,1698
6.4347744,4.770623,7.8888087,1699
6.1827545,4.9424744,8.597782,1700
6.4001255,5.189809,8.003621,1701
6.3122706,5.0657253,8.273626,1702
6.2574153,5.026546,8.418202,1703
6.3895054,5.109677,8.057245,1704
6.6980705,5.3932314,6.9619255,1705
6.527916,5.0373435,7.664078,1706
6.044352,5.529079,8.629404,1707
6.206115,5.5587864,8.233045,1708
6.2353415,5.5099864,8.213845,1709
6.25448,5.32103,8.32322,1710
6.2489085,5.4768114,8.212878,1711
6.1466427,5.229302,8.632631,1712
6.5919495,5.14855,7.4436297,1713
6.4730673,5.484543,7.595291,1714
6.299558,5.234759,8.256037,1715
6.3063354,5.28167,8.214149,1716
6.008606,5.80258,8.338579,1717
5.3722267,5.9938526,8.873704,1718
5.396493,5.8703446,9.085294,1719
5.545885,5.9018307,8.888711,1720
5.2769423,5.901995,9.109708,1721
5.727081,5.989637,8.491972,1722
5.8102407,5.960005,8.421901,1723
5.8592124,5.855226,8.530342,1724
6.4931293,5.8436165,7.058876,1725
6.3510714,5.5328155,7.8907137,1726
5.8694596,5.199814,9.204114,1727
6.0430107,5.1394057,8.892694,1728
6.118742,4.7443933,8.683082,1729
6.5341115,5.2971954,7.558177,1730
6.2210445,5.5481157,8.208619,1731
6.394657,5.835962,7.356099,1732
6.0181165,5.6458287,8.546344,1733
6.0799074,5.675434,8.377588,1734
6.0477657,5.8770504,8.13297,1735
5.9007244,5.746043,8.632115,1736
5.6225896,5.669487,9.164169,1737
5.532917,5.0425205,9.714191,1738
5.5514183,4.756545,9.636667,1739
5.805588,5.0039425,9.351013,1740
5.4417543,5.007605,9.804795,1741
5.4068537,4.002161,8.838787,1742
5.557894,3.887755,8.451665,1743
5.539402,3.6300974,7.8324122,1744
5.653587,4.112795,8.785691,1745
5.753114,3.3175993,6.6023464,1746
5.5100865,3.3320749,6.957837,1747
5.4906487,3.8452907,8.42591,1748
5.8331823,3.8932607,8.0809355,1749
5.8224916,4.9239645,9.317726,1750
5.77831,5.049981,9.391736,1751
5.5728297,4.9535313,9.669706,1752
5.581498,5.1234922,9.646609,1753
5.497404,4.1418333,9.016139,1754
5.416541,4.91191,9.818733,1755
5.309469,4.8065286,9.866797,1756
4.8583407,4.4326015,9.657991,1757
5.1941843,4.337047,9.522786,1758
4.847382,4.334661,9.534032,1759
5.473136,4.8492513,9.753417,1760
5.865551,5.318595,9.149319,1761
5.5717425,4.996753,9.6730995,1762
5.671221,5.0292425,9.548608,1763
5.869046,5.1602354,9.219084,1764
5.8733697,4.5955334,9.073632,1765
6.2616396,3.9586523,7.3238606,1766
6.084869,4.431318,8.4996605,1767
6.166764,4.2410617,8.0626745,1768
5.712745,3.9128952,8.310198,1769
5.8553867,4.852992,9.246702,1770
5.650947,4.858576,9.556267,1771
5.602033,4.986424,9.637372,1772
5.3322196,5.2998104,9.799744,1773
4.9962764,5.7293816,9.467989,1774
4.913878,5.766051,9.405749,1775
4.785782,6.0162992,8.921247,1776
5.0188494,5.5384226,9.709745,1777
5.5609293,5.680473,9.222315,1778
5.662102,5.878236,8.790322,1779
5.7705026,5.48047,9.175474,1780
5.8150253,5.205697,9.293423,1781
5.36131,5.151233,9.846583,1782
5.9240446,4.4897575,8.885794,1783
6.0314713,4.189335,8.278889,1784
6.2229357,4.481598,8.235687,1785
6.159902,3.1277945,5.1494737,1786
6.4592576,2.6918557,2.543037,1787
6.2727613,3.169335,5.0287437,1788
5.973904,2.20992,1.266964,1789
5.783748,3.1884239,6.1039305,1790
5.5920343,4.2709055,9.117916,1791
5.578519,4.387933,9.290689,1792
5.65287,4.171258,8.886948,1793
5.7118664,5.2482467,9.43162,1794
5.8404493,4.679561,9.190964,1795
5.9646187,3.831472,7.704053,1796
5.8114057,2.9778886,5.2526865,1797
5.9676003,2.5368447,2.9966154,1798
5.764246,2.1426032,1.2512112,1799
5.7595754,2.211373,1.6466055,1800
5.840972,1.2101455,-5.0702305,1801
5.721055,3.1229088,5.9566083,1802
5.973281,3.5926433,7.072071,1803
5.864807,4.0036407,8.259377,1804
5.8561516,5.249048,9.20498,1805
5.913291,3.8947797,7.9443874,1806
5.592478,3.3986747,7.0847273,1807
5.2197514,3.5158918,7.749132,1808
5.1736956,4.963523,9.968499,1809
5.2379656,4.6906986,9.847705,1810
5.6828156,4.570931,9.349663,1811
5.6108737,4.824839,9.596152,1812
5.863366,5.2021484,9.213735,1813
5.905413,5.2228856,9.130549,1814
6.140312,4.696654,8.607669,1815
5.9878106,4.8933816,9.012863,1816
6.241127,4.653159,8.339305,1817
5.949452,6.238964,7.563509,1818
6.073594,5.3525634,8.723095,1819
5.990494,5.5288405,8.73925,1820
6.1155252,5.211863,8.710717,1821
6.0991073,3.8737895,7.523613,1822
5.8405237,4.612972,9.143729,1823
5.844044,3.6990857,7.5952115,1824
5.6930113,4.327185,9.067056,1825
5.91135,3.7171986,7.523862,1826
5.8657074,3.723743,7.6217184,1827
5.8185043,5.4107404,9.161343,1828
5.5712757,4.631819,9.538087,1829
5.3869877,5.088153,9.842469,1830
5.3535547,5.6436543,9.460709,1831
5.164196,5.402766,9.810819,1832
5.101713,4.7161,9.909056,1833
5.277309,5.2610693,9.854942,1834
5.4880753,4.83625,9.734968,1835
5.524278,4.5424156,9.515749,1836
5.352277,4.575732,9.695898,1837
5.203152,3.1715128,6.615364,1838
5.235172,3.0369492,6.0911255,1839
5.237431,3.5841713,7.9390554,1840
5.1869535,2.8719518,5.436459,1841
5.541007,2.863835,5.1441107,1842
5.5022197,3.3272183,6.9495764,1843
5.5608425,3.7368762,8.089974,1844
5.7009525,3.2362983,6.3980217,1845
5.595095,3.9865208,8.618722,1846
5.5575914,3.501221,7.4427533,1847
5.80157,3.56282,7.2919993,1848
5.7839413,3.2757535,6.41241,1849
5.699669,4.3130035,9.038499,1850
5.3769493,3.6330948,7.989479,1851
5.392049,1.4584079,-2.696577,1852
5.514966,2.9514074,5.5380783,1853
5.2552834,4.246978,9.367788,1854
5.1502476,4.3736,9.585049,1855
5.182364,4.9712286,9.965916,1856
5.590746,4.4180913,9.312402,1857
5.5541553,4.8695645,9.675899,1858
5.1983957,5.2955227,9.873305,1859
4.6428146,5.782384,9.260294,1860
5.203105,4.8507776,9.936481,1861
5.1616116,4.0989428,9.161978,1862
5.722268,3.2615323,6.4560585,1863
5.900543,2.3744068,2.2952824,1864
5.8142953,3.6459744,7.503538,1865
6.138075,3.8906984,7.4742355,1866
6.4872866,3.406874,5.249928,1867
6.3380365,3.63525,6.347116,1868
6.0011225,4.1934204,8.347183,1869
5.693124,4.3375072,9.080683,1870
5.595728,4.2448344,9.074833,1871
5.5183816,4.4719725,9.452467,1872
5.258959,4.488415,9.671221,1873
5.5377502,4.5231023,9.483394,1874
5.4411345,4.4966393,9.552029,1875
5.517726,4.2542586,9.17583,1876
5.0920954,4.2320256,9.401733,1877
5.720648,4.156821,8.769715,1878
4.242492,3.7980251,7.981438,1879
4.288018,4.2617755,8.948107,1880
3.6272576,5.078673,8.109388,1881
5.2393827,5.192937,9.905471,1882
5.0484705,5.6780314,9.537924,1883
4.9255657,5.6611676,9.557317,1884
4.826638,4.941356,9.966507,1885
4.502037,4.873471,9.736023,1886
4.222126,4.731859,9.323012,1887
4.533679,4.940471,9.779001,1888
3.8241508,4.514986,8.38214,1889
4.950557,4.8410525,9.972291,1890
4.7660623,4.548159,9.741113,1891
4.9646525,4.8350754,9.97155,1892
5.461514,5.5345874,9.501221,1893
5.3889284,5.012791,9.848571,1894
5.645654,4.746935,9.519089,1895
5.8502197,4.245954,8.708541,1896
5.4139476,5.296888,9.740505,1897
5.2734094,5.5199485,9.654901,1898
4.8255544,5.6488867,9.548514,1899
5.4745846,5.658794,9.34076,1900
5.5541487,5.731058,9.158473,1901
5.7457113,5.735344,8.903184,1902
5.919699,5.5796075,8.818209,1903
6.3324733,5.4192734,8.048725,1904
6.213785,5.4710603,8.304828,1905
6.2089624,5.1565,8.513918,1906
6.0768137,6.0013742,7.837722,1907
6.1628585,6.0132236,7.621138,1908
6.2413716,5.883899,7.6777186,1909
6.2409334,5.995632,7.4688005,1910
5.726395,5.7391143,8.92606,1911
5.878909,5.679447,8.76587,1912
6.153447,5.581315,8.331633,1913
6.17806,4.991953,8.61211,1914
6.544144,6.4286795,5.574494,1915
6.1829376,6.2295556,7.0888515,1916
5.9832883,5.9780893,8.076486,1917
6.2605543,6.0488133,7.310993,1918
6.6248016,6.210737,5.894135,1919
6.561144,5.47193,7.3401117,1920
6.3308077,5.490535,7.9883265,1921
6.208796,5.40485,8.374908,1922
6.0977464,4.910368,8.786919,1923
6.142625,4.7979326,8.653577,1924
6.1774244,4.88249,8.599863,1925
6.0704927,5.561184,8.539118,1926
6.0499425,5.5279264,8.618915,1927
6.150837,4.7978444,8.634707,1928
6.015396,4.388676,8.595254,1929
5.812871,4.3689895,8.941067,1930
5.796569,4.4045973,9.010974,1931
5.555526,5.000112,9.691391,1932
5.115133,4.4877095,9.724303,1933
4.415373,4.8926153,9.64668,1934
3.798678,4.3938246,8.189377,1935
3.3509839,4.528209,7.058159,1936
4.217892,4.828841,9.359012,1937
4.473875,4.702756,9.634838,1938
5.218646,3.2467964,6.878471,1939
4.740146,2.709247,4.6849275,1940
5.4082055,2.9344692,5.566951,1941
5.4176598,3.7879922,8.356598,1942
5.3282123,4.707556,9.806753,1943
5.3783846,4.3997664,9.496545,1944
5.265375,4.452365,9.629672,1945
5.1069503,4.3318644,9.542156,1946
5.555996,4.836771,9.664225,1947
5.5791483,4.786356,9.618943,1948
5.340402,4.7352753,9.814047,1949
5.4634066,4.540699,9.574297,1950
5.4505625,4.6691093,9.687505,1951
5.281168,4.235976,9.337213,1952
5.066099,4.4666,9.711115,1953
4.832933,3.8499312,8.64943,1954
4.872181,3.087424,6.3257155,1955
4.6874695,2.4058652,3.172789,1956
4.788307,2.4497447,3.451384,1957
4.916265,2.9425,5.7596827,1958
4.415884,3.6079493,7.7210035,1959
5.157709,3.0179424,6.0465755,1960
5.507431,3.5173087,7.54414,1961
5.5024776,4.036315,8.818828,1962
5.6027317,3.272524,6.6525416,1963
5.8973627,3.7684875,7.678117,1964
6.0185523,3.654257,7.1515274,1965
6.295543,3.937068,7.1917434,1966
6.4146748,4.1225705,7.228813,1967
6.131488,3.7945418,7.266606,1968
5.9063964,3.8725405,7.9072804,1969
5.782938,3.7788894,7.895897,1970
6.03627,2.7611322,3.9136152,1971
5.912208,3.092904,5.5308614,1972
5.883789,3.5966632,7.2495627,1973
6.1773453,3.9367912,7.483445,1974
6.0197306,3.628526,7.0792084,1975
6.039584,4.5044236,8.673669,1976
5.8268986,5.270911,9.242846,1977
5.438716,5.2041903,9.765835,1978
5.32353,5.7685113,9.304719,1979
5.575456,5.9968753,8.67509,1980
5.4947433,5.4363637,9.5648155,1981
5.010932,5.453222,9.794471,1982
5.020902,5.8814535,9.222603,1983
5.5826273,5.776341,9.05784,1984
5.395148,5.6491776,9.422426,1985
5.449285,4.697643,9.706723,1986
5.2657013,5.124211,9.913975,1987
5.6699905,5.5908194,9.202045,1988
5.9902,6.0649295,7.8854294,1989
5.7748632,5.9940844,8.411384,1990
5.3635426,5.754866,9.298014,1991
5.0543947,5.610909,9.623832,1992
5.032065,5.6627154,9.55978,1993
5.175642,4.3840847,9.589798,1994
5.2948866,4.8892837,9.900784,1995
5.139572,3.4305634,7.5173883,1996
5.3100004,3.7152762,8.253385,1997
4.5342584,3.0865119,6.121648,1998
3.7550142,3.8610911,7.152897,1999
4.4671383,4.782586,9.66879,2000
