A1 Return,A2 Return,A3 Return,Agent 1 Prediction Loss,Agent 2 Prediction Loss,Agent 3 Prediction Loss,Total Return,alpha0,alpha1,alpha2,belief_loss0,belief_loss1,belief_loss2,critic_loss0,critic_loss1,critic_loss2,ent0,ent1,ent2,policy_loss0,policy_loss1,policy_loss2,total_episode,total_numsteps
-70.69730856375087,-70.69730856375087,-70.69730856375087,0.026499276846065185,0.02475424468703568,0.028512327313423156,-212.0919256912526,1.0810794830322266,1.089751958847046,1.087315320968628,-2.2017931938171387,-2.514763593673706,-2.609847068786621,4.580128192901611,4.750245094299316,4.51462459564209,-1.352413535118103,-1.352764368057251,-1.3614366054534912,-1.4519059658050537,-1.295072078704834,-1.360887050628662,20,525
-76.05572001660619,-76.05572001660619,-76.05572001660619,0.003733631479437463,0.004103438000136521,0.007219559610821307,-228.16716004981853,0.39532315731048584,0.4548966884613037,0.5354331731796265,-9.560434818267822,-9.647340774536133,-9.205220222473145,0.17952534556388855,0.14910271763801575,0.16117778420448303,-1.3646583557128906,-1.3515361547470093,-1.3687270879745483,-4.745235919952393,-4.587243556976318,-4.746524810791016,30,775
-77.77344907765887,-79.67344907765887,-78.27344907765887,0.03178714889055118,0.04375520150316879,0.05240976857766509,-235.72034723297662,0.1506912112236023,0.1539676934480667,0.17881953716278076,-15.331567287445068,-15.420081615447998,-15.73009204864502,0.375068724155426,0.43448519706726074,0.3241206705570221,-0.9484257698059082,-1.0779261589050293,-1.203497052192688,-7.862259387969971,-7.887109756469727,-7.923437118530273,40,1025
-78.75869769230965,-78.55869769230966,-79.05869769230966,0.0548799849729985,0.050177229360677304,0.0315788693993818,-236.37609307692895,0.17454935610294342,0.14860540628433228,0.14848707616329193,-21.895282745361328,-21.67249870300293,-21.20077896118164,0.5520437359809875,0.6036221981048584,0.4716295301914215,-1.028136134147644,-0.9294165372848511,-0.9559934735298157,-10.691848754882812,-10.757720947265625,-10.801980018615723,50,1275
-66.40130135294169,-67.90130135294169,-68.0013013529417,0.030486436130478977,0.03941262444108724,0.05205395049788058,-202.30390405882508,0.22912588715553284,0.17563554644584656,0.18818627297878265,-27.853238105773926,-27.85086154937744,-28.839390754699707,0.5481742024421692,0.6653387546539307,0.8048908710479736,-1.0095436573028564,-0.9680110216140747,-0.9709584712982178,-14.19627571105957,-14.441483497619629,-14.240644454956055,60,1525
-76.76051577833434,-76.86051577833435,-76.76051577833434,0.0392906628116034,0.04129229461029172,0.028390303920954464,-230.38154733500306,0.2703177332878113,0.20772379636764526,0.2159906029701233,-33.498878479003906,-33.32488250732422,-33.81037712097168,0.608390748500824,0.6582415103912354,0.6691125631332397,-1.0093024969100952,-1.0189480781555176,-1.0265339612960815,-17.325225830078125,-16.722782135009766,-17.120332717895508,70,1775
-65.62601330125221,-65.92601330125221,-64.52601330125222,0.04563907582592219,0.04128188384557143,0.04187807181896642,-196.07803990375663,0.28925177454948425,0.21869543194770813,0.2533556818962097,-38.584821701049805,-39.02710723876953,-39.355459213256836,0.5619667172431946,0.4454912543296814,0.7398145794868469,-0.9586559534072876,-0.9736500382423401,-0.9662395715713501,-20.155649185180664,-19.451921463012695,-19.04680061340332,80,2025
-72.97347311390985,-71.57347311390984,-72.67347311390985,0.05006924125738442,0.04817175454203971,0.04208559837564826,-217.22041934172952,0.30052950978279114,0.22089312970638275,0.2540091276168823,-44.47581672668457,-44.69971466064453,-44.076921463012695,0.8654953837394714,0.8687676787376404,0.7716466784477234,-0.991908609867096,-1.033926248550415,-1.0002720355987549,-22.133480072021484,-22.451068878173828,-22.539688110351562,90,2275
-68.63113059890885,-68.33113059890886,-68.63113059890885,0.05854016991145909,0.036843036993406714,0.04418209385871887,-205.59339179672656,0.3259812593460083,0.23720312118530273,0.26060470938682556,-48.3757381439209,-48.40862846374512,-47.59055519104004,0.5771603584289551,0.9171090722084045,0.8080927133560181,-0.8811292052268982,-0.9496090412139893,-1.0446066856384277,-24.295806884765625,-23.995861053466797,-24.561771392822266,100,2525
-68.49557544188403,-70.69557544188402,-70.69557544188402,0.058534832566976544,0.03844265174306929,0.039742344590835275,-209.8867263256521,0.3352320194244385,0.2496989369392395,0.260768860578537,-52.10675621032715,-52.32645034790039,-52.60274314880371,0.7390638589859009,0.9027295112609863,0.8483982086181641,-0.988937497138977,-1.0028319358825684,-1.0505115985870361,-26.354904174804688,-26.877153396606445,-26.196937561035156,110,2775
-67.9769772293921,-67.67697722939211,-67.7769772293921,0.051701214229920876,0.05403326047118753,0.05038980460120365,-203.43093168817632,0.36358121037483215,0.28793594241142273,0.25548380613327026,-56.07844352722168,-57.9482364654541,-56.384307861328125,0.6334681510925293,0.7498648166656494,0.859057605266571,-0.962326169013977,-0.914103627204895,-0.897738516330719,-28.98105239868164,-28.1826171875,-28.513078689575195,120,3025
-74.61683785747411,-74.81683785747411,-74.81683785747411,0.08606819541100412,0.07971827655658126,0.052334368440322576,-224.25051357242236,0.3680235743522644,0.30314818024635315,0.2548885643482208,-60.56500244140625,-59.583364486694336,-59.23698425292969,1.05367112159729,0.5857818126678467,1.0681618452072144,-1.0367567539215088,-0.9346511363983154,-0.935451865196228,-29.65294647216797,-30.152048110961914,-30.12291717529297,130,3275
-72.94469094623035,-72.54469094623035,-73.74469094623035,0.07441057875752449,0.06388333320152015,0.05152255939436145,-219.23407283869105,0.3792705237865448,0.32078126072883606,0.25530949234962463,-63.38052940368652,-62.55219841003418,-63.00307846069336,1.0804696083068848,1.1772797107696533,0.901766300201416,-1.011169672012329,-1.0328024625778198,-0.9953635334968567,-31.199052810668945,-32.04144287109375,-31.33616065979004,140,3525
-68.42109522184231,-69.52109522184232,-68.12109522184231,0.06647693633334711,0.07005145397223532,0.06621977271605282,-206.06328566552693,0.39159294962882996,0.31578919291496277,0.263762503862381,-65.44802856445312,-64.86507034301758,-65.47175216674805,0.6338639855384827,2.4630939960479736,0.872986912727356,-0.9338566660881042,-1.0305559635162354,-0.9784126281738281,-32.364219665527344,-33.71727752685547,-32.559688568115234,150,3775
-71.71325237640906,-73.41325237640906,-73.21325237640906,0.08852451537549495,0.09670422094874084,0.08361559867253528,-218.3397571292272,0.40239059925079346,0.3297933042049408,0.2864333987236023,-64.32318496704102,-66.36664581298828,-64.95508766174316,0.9510505795478821,1.7601317167282104,1.1098525524139404,-0.9365553855895996,-0.9787390828132629,-1.0252628326416016,-33.67768096923828,-32.36418151855469,-32.465057373046875,160,4025
-71.38582761983419,-70.58582761983419,-71.38582761983419,0.06294014895660803,0.08106292980909348,0.058340049544349314,-213.35748285950257,0.421589732170105,0.3277527689933777,0.3025355339050293,-68.56473922729492,-69.41307067871094,-68.7732925415039,0.9332207441329956,1.0450078248977661,1.119522213935852,-1.044549822807312,-1.0109496116638184,-0.9382320046424866,-34.5711784362793,-34.53904342651367,-33.551265716552734,170,4275
-71.38275619012707,-70.88275619012707,-71.48275619012706,0.06361041208077223,0.08896712487470358,0.0721342889778316,-213.74826857038119,0.41118061542510986,0.3192484974861145,0.2836676836013794,-71.21007537841797,-70.03798294067383,-70.9180793762207,1.4694569110870361,0.7200031876564026,1.0120607614517212,-1.0318151712417603,-1.015009880065918,-0.8753543496131897,-36.51280212402344,-35.05082321166992,-34.941627502441406,180,4525
-63.37921047366026,-63.17921047366026,-63.57921047366025,0.05198615226149559,0.050125490667298434,0.060754448180552575,-190.13763142098077,0.43943390250205994,0.35519295930862427,0.2989659309387207,-71.84818649291992,-72.05484390258789,-72.3729248046875,0.8322891592979431,0.7744410037994385,1.073843002319336,-1.0115821361541748,-1.028475046157837,-0.9710736274719238,-36.85285568237305,-35.90025329589844,-36.15528869628906,190,4775
-68.31110008245807,-66.31110008245807,-67.81110008245807,0.04961104893963784,0.049787529221270235,0.056059280524961654,-202.43330024737423,0.4383162260055542,0.3262350261211395,0.3197740316390991,-73.49935913085938,-74.26129531860352,-75.62039947509766,1.223930835723877,1.4214204549789429,0.682682454586029,-1.0846076011657715,-0.9581865072250366,-0.9937289953231812,-37.608863830566406,-37.51323318481445,-37.733734130859375,200,5025
-71.09425044491017,-69.59425044491017,-70.09425044491017,0.0529222373762168,0.0537727694073692,0.05507336184382439,-210.78275133473053,0.44592583179473877,0.3143607974052429,0.35546255111694336,-74.2072639465332,-74.91363525390625,-75.46175765991211,0.8310369253158569,1.6339198350906372,1.0636712312698364,-1.0119707584381104,-0.9753848910331726,-1.0591809749603271,-38.17634963989258,-37.809959411621094,-36.37604904174805,210,5275
-65.13472515651294,-63.93472515651295,-64.83472515651295,0.05554491435363889,0.06593810140155255,0.04228820076258853,-193.90417546953884,0.4443841874599457,0.2943572998046875,0.3557378649711609,-75.59725952148438,-75.98668670654297,-76.92947769165039,2.697335958480835,1.415259599685669,1.5418717861175537,-1.0145074129104614,-1.0206676721572876,-0.9193670153617859,-38.81254959106445,-37.93205642700195,-37.85761260986328,220,5525
-66.5573941928761,-64.8573941928761,-66.3573941928761,0.05214720173506066,0.056498056858778,0.05224599764682353,-197.77218257862827,0.41067689657211304,0.3069467544555664,0.36814314126968384,-75.1248893737793,-78.40495300292969,-77.75724029541016,1.038927674293518,2.488837718963623,0.845041036605835,-0.9303115010261536,-1.0171526670455933,-1.0103766918182373,-40.514854431152344,-37.66216278076172,-37.92817687988281,230,5775
-70.14256545525764,-69.94256545525764,-67.74256545525763,0.055165573097765444,0.07297296286839992,0.05514875467424281,-207.8276963657729,0.41358697414398193,0.2996399700641632,0.3838946223258972,-78.28405380249023,-79.26593399047852,-78.93748092651367,3.243826150894165,0.7587549686431885,1.0094432830810547,-0.9146844744682312,-0.9928143620491028,-1.0578224658966064,-39.94687271118164,-38.72809600830078,-39.48530960083008,240,6025
-68.46621535136737,-67.36621535136737,-68.36621535136737,0.06677501250989736,0.05101591903809458,0.04323277022782713,-204.1986460541021,0.4292893409729004,0.29504871368408203,0.3801501393318176,-78.2551383972168,-78.78726196289062,-79.44356536865234,0.827637255191803,0.8351955413818359,0.9566662311553955,-1.0465404987335205,-1.094131350517273,-0.9743003249168396,-40.171104431152344,-39.112579345703125,-40.00038146972656,250,6275
-64.62405274755932,-63.82405274755932,-63.92405274755932,0.06674775489233434,0.05201517858821899,0.07005294513702393,-192.37215824267795,0.42351803183555603,0.2958734333515167,0.39728501439094543,-79.50190734863281,-80.42233657836914,-81.7725601196289,0.8744608759880066,1.085068941116333,1.1557540893554688,-0.9323146343231201,-0.9631838798522949,-1.0076651573181152,-41.09917068481445,-40.98798751831055,-39.22758483886719,260,6525
-63.69973129638119,-61.699731296381174,-64.29973129638118,0.04562578162364662,0.04529419486038387,0.04797925247251988,-189.69919388914354,0.4141188859939575,0.30396729707717896,0.37152940034866333,-80.87497329711914,-79.8893928527832,-78.83350372314453,4.164924144744873,1.0458807945251465,1.1455988883972168,-0.9999232888221741,-0.9987707138061523,-0.9471070170402527,-39.40978240966797,-39.51532745361328,-40.758331298828125,270,6775
-72.8077948089409,-74.50779480894089,-74.50779480894089,0.07129899761546403,0.07185882190568373,0.07460701051168143,-221.82338442682266,0.41476863622665405,0.30274927616119385,0.401563435792923,-78.3525161743164,-81.50365829467773,-80.34677505493164,0.9516090750694275,1.3506450653076172,0.9001950025558472,-1.015779972076416,-1.007797360420227,-1.0994577407836914,-41.1906623840332,-39.35038375854492,-40.8758544921875,280,7025
-63.388488719913525,-63.988488719913526,-63.488488719913526,0.07612195575609804,0.03593920069700107,0.07036149675305933,-190.86546615974058,0.4408363699913025,0.2959921061992645,0.39527997374534607,-80.11095809936523,-81.81942749023438,-82.20056915283203,1.7993006706237793,1.4674687385559082,1.120031476020813,-1.0093512535095215,-0.9858595728874207,-0.9869213700294495,-42.41858673095703,-40.295738220214844,-39.85182189941406,290,7275
-59.37192731168159,-60.47192731168159,-60.57192731168159,0.049907932505011555,0.06097373618558049,0.055223238388076426,-180.41578193504478,0.4259609580039978,0.32107192277908325,0.37350693345069885,-81.12345123291016,-83.88291549682617,-82.24492263793945,0.8828933238983154,1.0713436603546143,1.4598709344863892,-0.9981229305267334,-0.9641499519348145,-1.047658920288086,-41.876930236816406,-40.99985885620117,-41.03617858886719,300,7525
-60.642467258518096,-60.142467258518096,-60.142467258518096,0.05162060218024999,0.04066132911480963,0.04530874972883612,-180.9274017755543,0.4377034604549408,0.2870906591415405,0.3560205101966858,-80.60239028930664,-81.37139129638672,-81.65317916870117,1.2081948518753052,0.832862138748169,1.1024248600006104,-1.0458928346633911,-1.0235399007797241,-1.026107668876648,-41.17057418823242,-40.63200759887695,-41.64061737060547,310,7775
-71.00768077940447,-69.20768077940447,-69.10768077940448,0.07256036293879152,0.05892775790207088,0.06497676472272725,-209.3230423382134,0.4241034984588623,0.3276425302028656,0.34834206104278564,-80.13624954223633,-82.65275192260742,-83.39135360717773,2.44454288482666,1.9538322687149048,1.2125502824783325,-0.9975098371505737,-1.040402889251709,-0.9742505550384521,-42.26470947265625,-40.60696792602539,-40.51502990722656,320,8025
-67.90293578814375,-68.50293578814374,-66.90293578814375,0.05251896287128329,0.047162361149210484,0.0576131339687854,-203.30880736443123,0.42482563853263855,0.31450578570365906,0.3819267153739929,-82.20450210571289,-84.47949600219727,-82.19718170166016,2.6033499240875244,0.7475717663764954,1.779704213142395,-1.0525128841400146,-0.9949414730072021,-1.0787475109100342,-42.613731384277344,-39.82905578613281,-41.663536071777344,330,8275
-62.68307286264394,-63.68307286264394,-63.58307286264394,0.06963939945958554,0.07665346806962044,0.058977747511584314,-189.94921858793182,0.4261630177497864,0.3446328639984131,0.3560571074485779,-80.24182891845703,-81.83615493774414,-82.22144317626953,2.6283998489379883,0.6981180906295776,0.9406023621559143,-0.9313284158706665,-0.9892221689224243,-1.0011776685714722,-41.93071746826172,-40.623390197753906,-42.03601837158203,340,8525
-65.34121641839029,-64.94121641839028,-64.94121641839028,0.06896829859167337,0.05393654415477067,0.04731911300029606,-195.22364925517087,0.4230716824531555,0.3253338932991028,0.39131873846054077,-81.2463150024414,-83.06926345825195,-82.29758834838867,1.0769069194793701,0.9207486510276794,1.4005942344665527,-0.9881079196929932,-1.0243772268295288,-1.0174306631088257,-42.37911605834961,-40.115482330322266,-40.5805778503418,350,8775
-69.79509748394666,-68.79509748394666,-67.29509748394669,0.07019883248675615,0.08648629545979201,0.08269886116124689,-205.88529245184,0.4555017054080963,0.34018638730049133,0.39220714569091797,-83.73475646972656,-83.09836196899414,-82.87444686889648,0.9683488011360168,1.1128625869750977,1.4477897882461548,-1.0726640224456787,-0.9895874261856079,-0.9694318175315857,-41.368751525878906,-40.768760681152344,-42.27451705932617,360,9025
-68.98856529307514,-70.28856529307514,-71.08856529307513,0.06772565619833767,0.07548559125652536,0.0783581118453294,-210.3656958792254,0.4582501947879791,0.333753764629364,0.3904760777950287,-81.79073715209961,-82.7709846496582,-83.83211517333984,1.056795597076416,1.188223123550415,1.1049246788024902,-0.9799429178237915,-0.9761234521865845,-0.9701665639877319,-42.01925277709961,-41.089439392089844,-42.9947624206543,370,9275
-62.25567700194351,-62.25567700194351,-62.25567700194351,0.08225624256860464,0.06707654115185141,0.04302461729664356,-186.76703100583055,0.45413509011268616,0.3379589319229126,0.3916829526424408,-81.61954879760742,-83.28832244873047,-82.29034805297852,1.5524576902389526,0.8806130290031433,1.0916500091552734,-1.0812134742736816,-1.0324738025665283,-0.9855681657791138,-41.511512756347656,-41.59635925292969,-41.14409255981445,380,9525
-63.75828774603739,-63.458287746037385,-63.55828774603739,0.062436093140393494,0.06201127775758505,0.04921728333598003,-190.77486323811218,0.40611010789871216,0.33505013585090637,0.41927435994148254,-82.80803680419922,-84.99486923217773,-82.52663040161133,1.2461298704147339,1.0980788469314575,1.6761130094528198,-1.0158684253692627,-0.9885870218276978,-1.0180511474609375,-41.38089370727539,-41.16170120239258,-42.76350021362305,390,9775
-60.35312669240709,-60.25312669240709,-60.55312669240709,0.07029926667036489,0.061955159859731795,0.07091277131065726,-181.15938007722127,0.4777863621711731,0.29828423261642456,0.4370582103729248,-82.87347793579102,-84.43656921386719,-85.29488754272461,2.1150190830230713,1.6930251121520996,0.9910764694213867,-1.0861679315567017,-0.9427328705787659,-1.0481610298156738,-43.67218780517578,-40.746768951416016,-43.15312576293945,400,10025
-65.00863288412852,-65.00863288412852,-64.90863288412852,0.06586534491647035,0.0739971141074784,0.06587964266818017,-194.92589865238557,0.4412550628185272,0.32597604393959045,0.45449718832969666,-83.51523208618164,-82.51819610595703,-82.20036697387695,1.076092004776001,1.7937372922897339,1.3052473068237305,-0.967957079410553,-1.0158075094223022,-0.9996329545974731,-41.005645751953125,-40.98107147216797,-41.49940490722656,410,10275
-64.54449934931526,-64.74449934931528,-64.44449934931528,0.10383485854044557,0.0908712427704595,0.05230007278360426,-193.7334980479458,0.44280585646629333,0.3534058928489685,0.4234037399291992,-82.46421813964844,-84.67634963989258,-81.21123123168945,1.5239943265914917,1.5496349334716797,1.518364429473877,-0.9680036306381226,-1.0360944271087646,-0.9296011924743652,-41.90458679199219,-39.163612365722656,-42.579498291015625,420,10525
-61.3269681114309,-62.126968111430905,-60.726968111430914,0.07492077773530036,0.06425321082025766,0.06443674623570404,-184.18090433429273,0.45271870493888855,0.3479771316051483,0.4370526671409607,-80.39192199707031,-83.76849746704102,-80.36606216430664,1.4278286695480347,4.348213195800781,1.0770807266235352,-0.996688961982727,-1.0390033721923828,-1.0075329542160034,-42.152095794677734,-38.79426193237305,-42.793636322021484,430,10775
-63.98321196990689,-64.0832119699069,-64.0832119699069,0.07717162395641208,0.07625150714395568,0.0848369464315474,-192.14963590972067,0.45896923542022705,0.3520112633705139,0.45745405554771423,-81.5864143371582,-82.00882720947266,-81.43008804321289,1.3716175556182861,1.1417136192321777,1.7009282112121582,-1.000657081604004,-1.0004299879074097,-1.032356858253479,-41.284297943115234,-39.61715316772461,-41.92667007446289,440,11025
-64.04112909441412,-65.44112909441411,-66.44112909441411,0.06522256030887365,0.06631276860274374,0.0472739675603807,-195.92338728324233,0.4757331907749176,0.3634900748729706,0.45394718647003174,-82.73250579833984,-85.33683395385742,-82.34220504760742,1.0014070272445679,2.95474910736084,1.8239717483520508,-1.0035920143127441,-1.066770315170288,-0.9887974262237549,-42.12710952758789,-40.65735626220703,-42.61346435546875,450,11275
-57.668869779984355,-58.068869779984354,-57.86886977998436,0.05038480619480833,0.06767622936237604,0.06229830276872963,-173.60660933995308,0.47431156039237976,0.35655874013900757,0.4613357186317444,-82.83547973632812,-83.08478927612305,-82.3161735534668,1.206835150718689,1.7942556142807007,1.0519309043884277,-0.980514645576477,-0.9304153323173523,-1.0230743885040283,-40.7176513671875,-40.42295455932617,-43.832725524902344,460,11525
-71.91570268700465,-72.01570268700468,-71.91570268700465,0.05816114414855838,0.08399731022911146,0.07464718365110456,-215.84710806101398,0.4705372452735901,0.3365212082862854,0.4196420907974243,-81.56280136108398,-82.61356735229492,-80.93740844726562,1.0109118223190308,2.233287811279297,1.2497339248657227,-1.0260618925094604,-0.9809551239013672,-1.065529704093933,-41.24736022949219,-39.87042999267578,-41.77897262573242,470,11775
-66.660018146002,-66.460018146002,-66.56001814600201,0.09264792936202139,0.06335167358722538,0.06118791943602264,-199.68005443800604,0.501986026763916,0.3553549349308014,0.4124142825603485,-83.46068572998047,-87.11543655395508,-84.88756561279297,2.5439701080322266,1.7403857707977295,1.6426210403442383,-1.0254104137420654,-1.0860391855239868,-0.9950183033943176,-42.9030876159668,-42.192115783691406,-42.90789031982422,480,12025
-70.55398979435381,-70.25398979435381,-70.9539897943538,0.05650851599127054,0.07833058947511018,0.06458239353541285,-211.76196938306143,0.46654459834098816,0.3797481656074524,0.42939820885658264,-82.73770523071289,-83.86234283447266,-80.80376815795898,1.3098852634429932,2.1566617488861084,1.515951156616211,-0.9673537015914917,-0.9935680031776428,-1.0683748722076416,-41.25172424316406,-40.92848205566406,-42.691932678222656,490,12275
-62.77621289153043,-62.57621289153043,-62.97621289153043,0.06666870414977893,0.06663280937820673,0.06241099694930017,-188.32863867459128,0.4693370461463928,0.38763880729675293,0.361091673374176,-82.77402114868164,-83.27102279663086,-82.24656677246094,1.6311414241790771,1.4458067417144775,2.142592668533325,-1.0098562240600586,-1.0575165748596191,-1.0015283823013306,-41.796897888183594,-41.164329528808594,-42.50600814819336,500,12525
-63.51746199009146,-62.51746199009146,-63.11746199009146,0.0647410600236617,0.05419403384206817,0.06643180450657382,-189.1523859702744,0.520942747592926,0.3692765235900879,0.3976920247077942,-82.50434875488281,-84.24039077758789,-82.21975326538086,2.239546298980713,1.5660555362701416,1.221418023109436,-1.0867115259170532,-1.00343656539917,-0.9982795715332031,-42.5495491027832,-40.52404022216797,-43.13359832763672,510,12775
-68.36313284906333,-68.46313284906333,-68.06313284906334,0.06033361016958952,0.0704940959950909,0.054933634858112784,-204.88939854719,0.5079653263092041,0.37168341875076294,0.4121110737323761,-82.71271896362305,-83.62408828735352,-81.98015594482422,2.2008965015411377,1.035762906074524,1.3516498804092407,-0.9210528135299683,-1.0263671875,-1.0279581546783447,-41.820743560791016,-40.38006591796875,-41.7890510559082,520,13025
-70.65982355497235,-70.65982355497235,-70.65982355497235,0.111784642260056,0.10991552475932985,0.07394281879253685,-211.97947066491707,0.5184674263000488,0.3738543391227722,0.4257895052433014,-83.52739715576172,-84.7210807800293,-84.05992889404297,1.1034162044525146,0.945688784122467,1.3734889030456543,-1.0000191926956177,-1.041542649269104,-1.0221171379089355,-42.787784576416016,-40.835472106933594,-42.39690017700195,530,13275
-68.20570160188193,-67.90570160188192,-68.10570160188192,0.11179599620448426,0.08798742252681405,0.09277686187438666,-204.21710480564576,0.513340413570404,0.3629705011844635,0.4082084894180298,-81.96709823608398,-83.52518081665039,-79.91531372070312,3.125419855117798,1.7043054103851318,1.2123472690582275,-0.9118955135345459,-1.0466337203979492,-0.9769399166107178,-40.681549072265625,-40.516807556152344,-42.678977966308594,540,13525
-63.11905063813106,-62.419050638131054,-63.019050638131056,0.05558482788782567,0.08249824644532054,0.07297743518650532,-188.55715191439316,0.5029911994934082,0.3911270201206207,0.4124594032764435,-83.96471786499023,-82.09911346435547,-83.06668472290039,0.9735381007194519,1.1591055393218994,1.3572518825531006,-1.05277419090271,-1.0911996364593506,-0.9922627210617065,-41.91576385498047,-41.37141418457031,-41.6614990234375,550,13775
-63.80348260501181,-63.703482605011814,-63.60348260501181,0.08164716832991689,0.06541538697737269,0.060885920627973975,-191.11044781503543,0.4966958165168762,0.37919849157333374,0.40342241525650024,-83.00596618652344,-83.74450302124023,-80.67200088500977,1.4227405786514282,1.6315979957580566,1.380683422088623,-0.9588752388954163,-0.9537338018417358,-1.0429691076278687,-41.73405838012695,-40.25109100341797,-41.72344207763672,560,14025
-59.829087585786354,-59.62908758578635,-59.52908758578635,0.07488943278044462,0.07398120756726712,0.06438013406051322,-178.98726275735905,0.4586130678653717,0.390583336353302,0.3856393098831177,-81.18521881103516,-83.02462005615234,-81.69307327270508,1.9817606210708618,1.2612428665161133,1.6211574077606201,-1.0401408672332764,-1.017136573791504,-0.8929920792579651,-42.187713623046875,-40.22323989868164,-41.79442596435547,570,14275
-68.08258485309317,-66.88258485309318,-68.08258485309317,0.09004116163309664,0.09124151686020196,0.05607401928678155,-203.04775455927953,0.46247848868370056,0.382120817899704,0.3976277709007263,-83.62915802001953,-84.00918197631836,-82.63033676147461,1.9536640644073486,1.1814316511154175,1.0933175086975098,-0.9736368656158447,-0.9662086963653564,-1.0818053483963013,-42.48719024658203,-40.39505386352539,-41.24463653564453,580,14525
-72.52176311120449,-74.32176311120449,-74.32176311120449,0.11533531316742301,0.11880120943393559,0.09381250358186662,-221.16528933361352,0.46737951040267944,0.33388814330101013,0.381248414516449,-82.87572860717773,-84.03120040893555,-81.05619812011719,1.1800432205200195,1.7624422311782837,1.2611838579177856,-0.9528946280479431,-0.942136287689209,-0.9501528739929199,-41.6640510559082,-40.21593475341797,-42.40425491333008,590,14775
-63.74476582994998,-64.24476582994997,-63.84476582994997,0.058850132700987164,0.06527821575151757,0.06876914657233282,-191.83429748984994,0.46015024185180664,0.37762147188186646,0.3837059438228607,-81.130615234375,-81.66619873046875,-80.55867767333984,1.9909772872924805,1.5690510272979736,1.8261573314666748,-0.976920485496521,-0.9867872595787048,-1.0326271057128906,-40.69602966308594,-39.578086853027344,-41.609825134277344,600,15025
-63.09263137619022,-62.792631376190215,-62.59263137619022,0.0593023886103183,0.05737243537511676,0.05371322947740555,-188.47789412857065,0.4675613045692444,0.3887820243835449,0.4035745859146118,-81.45404052734375,-83.91230010986328,-81.1707534790039,2.0793471336364746,1.8778154850006104,1.4073797464370728,-1.0051252841949463,-1.0550085306167603,-0.9888391494750977,-41.86539077758789,-40.72536087036133,-40.8182487487793,610,15275
-62.08252131956634,-61.882521319566344,-61.08252131956634,0.06774720328673721,0.06038926188647747,0.04381982561899349,-185.04756395869904,0.45128822326660156,0.3827073574066162,0.36874863505363464,-81.65654373168945,-79.97357940673828,-82.03057861328125,2.12648868560791,1.8019191026687622,2.766469717025757,-1.0004796981811523,-0.9917104244232178,-1.0689730644226074,-40.357513427734375,-41.716339111328125,-41.315673828125,620,15525
-65.84153325636811,-65.4415332563681,-66.04153325636811,0.10652469165064395,0.09718270998075604,0.09857818362116813,-197.3245997691043,0.43228355050086975,0.387591153383255,0.3635209798812866,-82.10971450805664,-81.99923706054688,-80.59307861328125,1.7583813667297363,2.134641647338867,1.4063258171081543,-0.9198035597801208,-1.0259780883789062,-0.9771605730056763,-40.56618118286133,-40.188323974609375,-42.50402069091797,630,15775
-65.93779288359868,-65.33779288359867,-65.63779288359868,0.0774109858609736,0.06670587184466421,0.06039964529406279,-196.913378650796,0.42377689480781555,0.3934047222137451,0.377626895904541,-82.58854293823242,-82.4948501586914,-79.74027252197266,1.945658564567566,1.2955117225646973,2.5419182777404785,-1.0043822526931763,-0.8786472082138062,-0.970112681388855,-41.36140823364258,-39.189701080322266,-41.656463623046875,640,16025
-67.44765620128585,-67.84765620128584,-66.84765620128584,0.09020153644308448,0.08840531141776592,0.07320617103390395,-202.14296860385755,0.4567684233188629,0.37421101331710815,0.3845118284225464,-81.61560821533203,-81.35667037963867,-79.52995300292969,3.4665231704711914,1.4570064544677734,1.2983235120773315,-1.0056310892105103,-0.9946125149726868,-1.0402840375900269,-40.08753967285156,-39.98229217529297,-41.514835357666016,650,16275
-66.74573554789939,-66.74573554789939,-65.0457355478994,0.062184747323393824,0.07797641193307936,0.06463005416747182,-198.5372066436982,0.451667457818985,0.34576284885406494,0.38534116744995117,-80.98589324951172,-82.90472030639648,-83.51558685302734,1.7569756507873535,2.8139495849609375,1.4666515588760376,-1.0063358545303345,-0.9550267457962036,-0.9725111722946167,-41.837181091308594,-41.29372024536133,-40.91431427001953,660,16525
-60.97963479552781,-60.179634795527804,-61.179634795527804,0.08832582937274128,0.06741869183303788,0.060468386702239516,-182.3389043865834,0.44666269421577454,0.3648591637611389,0.3855762481689453,-78.1814193725586,-80.5065689086914,-82.77219009399414,2.3280029296875,1.2355413436889648,3.1410186290740967,-1.0311975479125977,-1.062920331954956,-1.0857850313186646,-40.9495964050293,-40.386085510253906,-40.786888122558594,670,16775
-64.74661456871313,-64.84661456871314,-64.74661456871313,0.0532630947586149,0.060790717255324124,0.05181739247962833,-194.3398437061394,0.45202359557151794,0.35682225227355957,0.3565990924835205,-80.16109085083008,-80.4681625366211,-79.31038665771484,1.4363367557525635,1.4707884788513184,2.0512919425964355,-0.9581684470176697,-0.9704586863517761,-0.9709165692329407,-40.38288116455078,-39.734798431396484,-41.39459991455078,680,17025
-63.56438359630458,-63.76438359630458,-63.364383596304585,0.06346505486872048,0.12156187243189197,0.03939630312286317,-190.69315078891375,0.4872637689113617,0.3460129201412201,0.3681938052177429,-81.77104187011719,-82.0610580444336,-82.26166915893555,1.379509449005127,3.19012451171875,1.2198543548583984,-1.0933635234832764,-1.0532176494598389,-1.0092194080352783,-41.80927658081055,-40.94403839111328,-40.65919876098633,690,17275
-62.87259600763368,-62.27259600763368,-62.87259600763368,0.09555139540135861,0.0683050930686295,0.06780980941653252,-188.01778802290104,0.43705958127975464,0.3481532335281372,0.40343356132507324,-79.98674774169922,-80.3549575805664,-80.27041244506836,0.9582629203796387,1.0316139459609985,1.9144408702850342,-1.0086750984191895,-0.9947165846824646,-1.0318471193313599,-41.091636657714844,-39.23786163330078,-40.836578369140625,700,17525
-64.95415591901153,-65.05415591901154,-64.75415591901154,0.07934312589652837,0.05494700955599546,0.059644177462905644,-194.76246775703459,0.43309485912323,0.36596471071243286,0.3771836757659912,-79.8631706237793,-79.2679443359375,-80.29253005981445,2.0301613807678223,1.6567133665084839,1.7415744066238403,-0.9827021360397339,-0.9386173486709595,-1.0340226888656616,-40.493282318115234,-39.10631561279297,-40.852149963378906,710,17775
-64.66037875905228,-64.46037875905228,-63.26037875905227,0.07160264128260314,0.06590990043338388,0.0519231607336551,-192.38113627715683,0.4433800280094147,0.3645288944244385,0.37240079045295715,-80.05695724487305,-82.9124870300293,-81.34075927734375,1.3268526792526245,1.445539951324463,1.3964385986328125,-1.0051213502883911,-1.0260719060897827,-1.0134276151657104,-40.934417724609375,-40.76542663574219,-41.91795349121094,720,18025
-55.99312929923353,-54.49312929923353,-56.09312929923353,0.05879643439501524,0.04731513789435848,0.04272655813349411,-166.5793878977006,0.39878135919570923,0.3449696898460388,0.3707330822944641,-81.94739532470703,-83.02618789672852,-80.85007095336914,1.3001749515533447,1.2430659532546997,2.23960542678833,-0.9952245950698853,-1.0495513677597046,-0.976091206073761,-40.96662139892578,-39.9917106628418,-41.59060287475586,730,18275
-64.98340081399792,-65.38340081399792,-64.88340081399792,0.06656265093479305,0.08369996225647629,0.0578256949307397,-195.25020244199376,0.39817994832992554,0.361743688583374,0.3802284598350525,-78.26298904418945,-80.96711349487305,-81.34468078613281,1.5523383617401123,1.1655782461166382,1.6985515356063843,-0.9824708104133606,-1.0895966291427612,-0.9409359097480774,-40.72700500488281,-39.30458068847656,-40.07588195800781,740,18525
-64.09521259355573,-63.79521259355573,-63.995212593555735,0.05779754099366255,0.058237886409275234,0.05576447857636958,-191.8856377806672,0.4666057229042053,0.36558467149734497,0.3799856901168823,-82.16522216796875,-81.48751449584961,-80.12471389770508,1.3158539533615112,1.5687379837036133,1.5919530391693115,-1.00942862033844,-1.0703535079956055,-1.0384222269058228,-40.425559997558594,-39.958431243896484,-41.27431869506836,750,18775
-63.32615079991227,-63.02615079991227,-62.226150799912276,0.05878846913296729,0.052811690010130405,0.054988374177366496,-188.57845239973682,0.44389647245407104,0.3598441183567047,0.3840329647064209,-79.38557434082031,-80.96238708496094,-79.54264831542969,2.68662166595459,1.122603416442871,2.3413987159729004,-1.0636957883834839,-0.9310222864151001,-1.0087480545043945,-40.01649856567383,-40.06958770751953,-40.67350769042969,760,19025
-62.74959480800563,-62.14959480800563,-62.349594808005634,0.057987390918657185,0.04401375053357333,0.0372222891189158,-187.24878442401692,0.4238700866699219,0.3666262626647949,0.3866555094718933,-80.7286148071289,-81.42296600341797,-79.04423904418945,1.7122550010681152,1.2103265523910522,1.9135496616363525,-1.0785447359085083,-1.038865327835083,-0.9812788963317871,-41.21182632446289,-39.58049774169922,-40.611663818359375,770,19275
-63.14817589090745,-62.748175890907454,-63.04817589090745,0.06472791106067598,0.0625474082827568,0.04214474029513076,-188.94452767272236,0.4376774728298187,0.37176692485809326,0.3834931254386902,-79.39856719970703,-80.2469482421875,-80.4033432006836,1.3101590871810913,1.2466824054718018,1.9606542587280273,-0.9944905638694763,-1.0577809810638428,-1.053982138633728,-40.43564987182617,-39.615848541259766,-42.00335693359375,780,19525
-69.92975278601288,-69.72975278601288,-69.22975278601288,0.08509649639204145,0.07459358864929527,0.08696721644187345,-208.88925835803866,0.46091410517692566,0.3639990985393524,0.39516931772232056,-79.62911605834961,-81.40127944946289,-79.14070129394531,2.5093343257904053,1.3210678100585938,1.6787481307983398,-1.028247356414795,-1.06293785572052,-1.0195586681365967,-40.694541931152344,-38.82959747314453,-41.371856689453125,790,19775
-63.835265757467596,-64.1352657574676,-64.5352657574676,0.08992721711099148,0.06108942171186209,0.06737968228757381,-192.5057972724028,0.46702611446380615,0.36924612522125244,0.38365525007247925,-79.57605743408203,-78.93096160888672,-77.8440933227539,5.035984516143799,1.3003615140914917,2.5695343017578125,-0.9928375482559204,-1.0410888195037842,-0.9442191123962402,-38.38163375854492,-39.92284393310547,-39.7625617980957,800,20025
-66.12909653256082,-66.12909653256082,-65.42909653256082,0.07647585887927562,0.10285567164607345,0.06434522322099656,-197.68728959768245,0.4728873670101166,0.3640858829021454,0.3848745822906494,-79.46607971191406,-79.86982727050781,-78.23822021484375,1.026107907295227,1.4433039426803589,2.3178255558013916,-1.0258904695510864,-0.8783168196678162,-0.950543999671936,-39.89921569824219,-39.61616516113281,-39.88393783569336,810,20275
-64.4882646628404,-64.68826466284038,-64.78826466284038,0.09679886021651328,0.0657699741628021,0.06645066837221383,-193.96479398852114,0.45227310061454773,0.3657568097114563,0.3981704115867615,-79.33511352539062,-79.6666145324707,-79.98858642578125,1.6664714813232422,1.7022995948791504,1.4423632621765137,-0.9467546939849854,-1.0465795993804932,-1.0232362747192383,-40.72985076904297,-38.30534362792969,-40.46491622924805,820,20525
-62.26296853971761,-62.46296853971761,-62.36296853971761,0.07318180970475077,0.0665719309579581,0.05580673813261092,-187.08890561915283,0.4394844174385071,0.3483664095401764,0.41908761858940125,-79.490966796875,-81.79027938842773,-79.89052200317383,1.935301661491394,4.2264204025268555,1.5713294744491577,-0.9716812968254089,-1.0947413444519043,-0.8920151591300964,-40.483314514160156,-38.58061218261719,-41.457061767578125,830,20775
-62.49902250890773,-62.59902250890773,-60.99902250890773,0.05731627046596259,0.04001569952443242,0.05199546928051859,-186.09706752672318,0.45528358221054077,0.34381502866744995,0.4040379524230957,-81.53947067260742,-81.41474533081055,-80.85853958129883,1.5266956090927124,2.325100898742676,1.522066593170166,-0.9578146934509277,-0.9753484725952148,-0.9956028461456299,-41.69222640991211,-40.08067321777344,-39.5567512512207,840,21025
-63.70305118582926,-62.60305118582926,-63.00305118582926,0.04897363060247153,0.05479033808223903,0.04696468263678253,-189.30915355748778,0.41724541783332825,0.3699674606323242,0.4111018180847168,-80.08784484863281,-80.7830810546875,-80.1939582824707,2.193790912628174,1.6630473136901855,1.4333128929138184,-0.9770380854606628,-0.942642092704773,-1.035473346710205,-40.674224853515625,-40.28199005126953,-39.50490188598633,850,21275
-60.072554852776875,-58.972554852776874,-59.472554852776874,0.0697642299970612,0.05497126249037683,0.05532157224230468,-178.51766455833064,0.429093599319458,0.38289764523506165,0.41186952590942383,-79.11554336547852,-80.37080383300781,-81.1845817565918,1.5054110288619995,1.1330289840698242,1.9003493785858154,-1.0716511011123657,-0.950893759727478,-0.9680087566375732,-40.495513916015625,-40.32706069946289,-41.19294738769531,860,21525
-67.60727947274715,-67.00727947274716,-65.90727947274715,0.10017356456816197,0.06693858318962156,0.09385925944615156,-200.52183841824146,0.4508957862854004,0.3779664933681488,0.37390583753585815,-80.31355667114258,-81.83633804321289,-80.84773254394531,1.563744306564331,1.9873173236846924,2.351301431655884,-0.9906054139137268,-0.9327754974365234,-0.9742891192436218,-41.16291809082031,-39.67544937133789,-41.250396728515625,870,21775
-64.96052321769561,-63.96052321769561,-63.960523217695616,0.07733422140497714,0.07776730550266803,0.06261643739230931,-192.88156965308684,0.46886539459228516,0.3967166543006897,0.4340176582336426,-81.85897445678711,-80.7391471862793,-81.32109069824219,1.2098257541656494,2.218529462814331,4.067431926727295,-0.9632582068443298,-1.022395372390747,-1.0567870140075684,-41.736576080322266,-40.770545959472656,-39.977439880371094,880,22025
-62.270881302353374,-62.270881302353374,-62.17088130235337,0.06329989316686987,0.06150351323001087,0.033056073905900124,-186.7126439070601,0.46667927503585815,0.3689086437225342,0.4094439148902893,-80.61510467529297,-79.5351333618164,-80.8124008178711,1.8735283613204956,1.564013957977295,1.6216864585876465,-1.0961804389953613,-0.8932293653488159,-0.9650614857673645,-40.726905822753906,-40.299293518066406,-41.108150482177734,890,22275
-71.05669451585985,-70.65669451585985,-70.75669451585985,0.1043273688647896,0.09016956141963602,0.07613981713540852,-212.47008354757955,0.4731729030609131,0.40260398387908936,0.3958361744880676,-81.31893920898438,-81.25415420532227,-81.36993789672852,1.348669409751892,1.6731617450714111,1.1521683931350708,-1.039624810218811,-1.0938022136688232,-0.9685397148132324,-41.410301208496094,-40.371925354003906,-41.05513000488281,900,22525
-70.23374619569421,-69.63374619569421,-69.3337461956942,0.07475207185745239,0.0780071130823344,0.08035085083730518,-209.20123858708263,0.4856492578983307,0.37861090898513794,0.398946613073349,-80.95259857177734,-80.56417083740234,-79.58841705322266,1.5806248188018799,1.6765841245651245,2.542975425720215,-1.1020411252975464,-0.9936742782592773,-0.9678569436073303,-41.574920654296875,-39.11201095581055,-40.21057891845703,910,22775
-67.11752083049825,-66.91752083049826,-67.21752083049824,0.07079041743418202,0.06631485754624009,0.06881843322049827,-201.25256249149476,0.4318230450153351,0.3795170187950134,0.39245176315307617,-78.50189971923828,-81.38797760009766,-80.96184921264648,1.7142021656036377,1.8320248126983643,1.8216805458068848,-1.0006895065307617,-1.0514582395553589,-1.0551302433013916,-41.578277587890625,-39.446590423583984,-39.73418045043945,920,23025
-65.46277550877804,-64.36277550877804,-64.86277550877804,0.06678632659651339,0.04541890929546207,0.06132501456514001,-194.68832652633415,0.4631553888320923,0.3781883120536804,0.42557254433631897,-79.22830200195312,-82.29690933227539,-79.96916961669922,1.4023016691207886,1.5206756591796875,3.0196852684020996,-0.9229859113693237,-1.0446105003356934,-1.0416675806045532,-40.73880386352539,-39.03074264526367,-41.549034118652344,930,23275
-63.93059694803992,-65.73059694803992,-65.53059694803991,0.1003550705704838,0.06837745677679777,0.07153214069176465,-195.19179084411977,0.47565025091171265,0.41003191471099854,0.38827890157699585,-79.76852798461914,-81.77298355102539,-79.07204818725586,1.7325239181518555,2.83455491065979,2.2743139266967773,-0.9134144186973572,-0.9658138155937195,-1.0013386011123657,-40.73747634887695,-38.75926971435547,-40.393062591552734,940,23525
-70.47252904602252,-70.3725290460225,-70.6725290460225,0.07761055882484652,0.05597077081457246,0.07020558469649404,-211.51758713806754,0.44316622614860535,0.3952271044254303,0.4104806184768677,-80.65599060058594,-83.21371459960938,-82.20140838623047,4.8982930183410645,1.4613432884216309,2.184943675994873,-0.9187190532684326,-0.9717321395874023,-1.1516603231430054,-43.02973175048828,-40.378570556640625,-41.12002944946289,950,23775
-62.561858639860056,-62.76185863986005,-62.561858639860056,0.09254487401805818,0.08331809250451624,0.08647138911113143,-187.88557591958016,0.48378467559814453,0.41123664379119873,0.42536965012550354,-81.50286865234375,-80.68975448608398,-80.03083419799805,1.5058648586273193,2.113668441772461,2.7881107330322266,-0.9932953119277954,-1.0392957925796509,-0.9547970294952393,-40.17481994628906,-39.29132080078125,-41.24003982543945,960,24025
-65.16632774296365,-65.06632774296364,-65.36632774296365,0.09300072308443487,0.06801833347138017,0.05750238983053714,-195.59898322889094,0.4541740417480469,0.4006797671318054,0.413634330034256,-81.27615356445312,-82.14582443237305,-80.50352478027344,1.4365389347076416,1.3420614004135132,1.58486008644104,-1.0376042127609253,-0.9086925983428955,-0.9931800961494446,-41.719566345214844,-38.844879150390625,-40.49460983276367,970,24275
-63.68511243220214,-63.68511243220214,-62.78511243220214,0.03928703394741751,0.06351735832449049,0.04850838737329468,-190.15533729660643,0.4937489926815033,0.3793838620185852,0.386543869972229,-79.51168060302734,-80.98889923095703,-81.00236511230469,1.9842878580093384,1.5702546834945679,1.722074031829834,-0.863325834274292,-1.0712528228759766,-0.950985312461853,-41.76499557495117,-38.39630889892578,-40.25726318359375,980,24525
-61.907751358032804,-62.3077513580328,-63.407751358032804,0.0620491915831808,0.0659031499326229,0.0709623820920242,-187.6232540740984,0.5183103084564209,0.3968070149421692,0.4299675524234772,-79.20870208740234,-81.0247573852539,-82.42276000976562,2.0133793354034424,1.4922469854354858,2.8480334281921387,-0.9753341674804688,-1.0302504301071167,-1.0179896354675293,-41.87871170043945,-40.357810974121094,-39.857791900634766,990,24775
-66.56989892386619,-64.96989892386618,-65.56989892386619,0.08464557205978782,0.0763922965619713,0.06470908616343513,-197.10969677159855,0.5140958428382874,0.3878920078277588,0.4203542470932007,-80.24629211425781,-81.54537582397461,-79.06134796142578,1.8208000659942627,1.5821144580841064,2.0342681407928467,-0.9896779656410217,-1.033210277557373,-0.9618130326271057,-40.15152359008789,-40.641605377197266,-38.94063949584961,1000,25025
-69.38724956112652,-69.08724956112653,-69.58724956112653,0.08690018757991493,0.08011658476665616,0.07866471830010414,-208.06174868337956,0.494570791721344,0.4472046494483948,0.4082745909690857,-77.3300895690918,-81.01863479614258,-79.33369445800781,2.5359463691711426,3.1650660037994385,1.7101166248321533,-1.038708209991455,-1.0517771244049072,-1.016162395477295,-39.98798370361328,-39.17613220214844,-41.17034912109375,1010,25275
-67.56299809405127,-67.56299809405127,-64.86299809405126,0.04711989156808704,0.05782849058695137,0.052826977861113844,-199.98899428215378,0.4886428713798523,0.39878275990486145,0.3609387278556824,-78.53654098510742,-81.5003776550293,-81.46965408325195,1.88253653049469,1.7064759731292725,2.152813196182251,-0.9692134857177734,-1.0300487279891968,-1.076468586921692,-40.868202209472656,-40.3111457824707,-41.07592010498047,1020,25525
-66.95205891523258,-66.85205891523259,-65.95205891523258,0.07443415124714374,0.07554706440493464,0.07029469783883542,-199.75617674569776,0.46295052766799927,0.3875109553337097,0.3989492654800415,-82.6978988647461,-81.45682525634766,-81.80188369750977,1.4315810203552246,4.592690467834473,1.6418259143829346,-1.005744218826294,-1.0013327598571777,-1.0806708335876465,-40.86766815185547,-41.51236343383789,-39.83066940307617,1030,25775
-64.6692869933101,-64.0692869933101,-63.8692869933101,0.07913960359990596,0.07409985189232975,0.059356279095169155,-192.60786097993028,0.5094717144966125,0.4107818603515625,0.395685076713562,-81.10503387451172,-80.3238639831543,-79.13478088378906,2.63860821723938,2.429029941558838,1.5096951723098755,-1.0426939725875854,-1.0140742063522339,-0.9163875579833984,-40.53789138793945,-39.39817810058594,-40.677249908447266,1040,26025
